Date,Price,AuthorScore,Role1,Role2,Role3,Role4,Role5,Role6,Role7,Role8,Role9,Role10,Role11,Role12,Role13,Role14,Role15,Role16,Predicted Revenue,Actual Revenue
27088261.3665,499.0,609.234352604,0,0,0,0,0,0,0,0,0,0,1,0,0,0,0,0,247283.948923,419160.0
27088261.9867,499.0,679.663666002,0,0,0,0,0,1,0,0,0,0,0,0,0,0,0,0,310338.027607,194610.0
26742662.4924,499.0,851.85846395,0,0,0,0,0,0,0,0,0,0,1,0,0,0,0,0,365423.728122,424649.0
27088263.2676,499.0,578.847826087,0,0,0,0,0,0,0,0,0,0,1,0,0,0,0,0,232357.826456,376246.0
27174664.1609,499.0,508.831491158,0,0,0,0,0,0,0,0,1,0,0,0,0,0,0,0,125342.347528,137724.0
27174664.7783,499.0,601.182305505,0,0,0,0,0,0,1,0,0,0,0,0,0,0,0,0,219536.806613,167165.0
27174665.4988,499.0,462.699061033,0,0,0,0,0,0,1,0,0,0,0,0,0,0,0,0,151512.625193,59381.0
27174666.2015,499.0,508.831491158,0,0,0,0,0,0,0,0,1,0,0,0,0,0,0,0,125342.353665,132734.0
27261066.8265,499.0,654.559583246,0,1,0,0,0,0,0,0,0,0,0,0,0,0,0,0,186849.777686,139720.0
27261067.3486,499.0,595.913350685,1,0,0,0,0,0,0,0,0,0,0,0,0,0,0,0,233133.408204,340817.0
27261067.8788,499.0,817.528016378,0,0,0,0,1,0,0,0,0,0,0,0,0,0,0,0,282181.893201,601794.0
27261068.3474,499.0,659.434612964,0,1,0,0,0,0,0,0,0,0,0,0,0,0,0,0,189244.43959,14970.0
27347468.9796,499.0,689.915303076,0,0,1,0,0,0,0,0,0,0,0,0,0,0,0,0,246969.596126,135728.0
27347469.6977,499.0,702.999263391,0,0,0,0,0,1,0,0,0,0,0,0,0,0,0,0,322580.186624,173153.0
27347471.4239,499.0,697.716981132,0,0,0,0,1,0,0,0,0,0,0,0,0,0,0,0,223589.501734,110279.0
27606671.8866,499.0,429.621164021,0,0,0,0,0,0,0,1,0,0,0,0,0,0,0,0,149637.877643,16467.0
27606672.4319,499.0,715.97420765,0,1,0,0,0,0,0,0,0,0,0,0,0,0,0,0,218056.510842,251995.0
27693073.0616,499.0,429.350482315,0,0,0,0,0,0,0,0,1,0,0,0,0,0,0,0,87859.57772,123253.0
27693073.5572,499.0,429.350482315,0,0,0,0,0,0,0,0,1,0,0,0,0,0,0,0,87859.5792103,14970.0
27693074.0882,499.0,486.105351171,0,0,0,1,0,0,0,0,0,0,0,0,0,0,0,0,215695.608373,220558.0
27693074.6075,2495.0,664.176738722,1,0,0,0,0,0,0,0,0,0,0,0,0,0,0,0,871990.649599,576345.0
27693076.7749,499.0,777.123772905,0,0,0,0,0,1,0,0,0,0,0,0,0,0,0,0,360030.131183,309380.0
27779477.4732,499.0,682.423008401,0,0,0,0,1,0,0,0,0,0,0,0,0,0,0,0,217376.129521,201097.0
27779478.1958,499.0,682.423008401,0,0,0,0,1,0,0,0,0,0,0,0,0,0,0,0,217376.131694,261476.0
27779478.8234,499.0,636.54994824,0,0,0,1,0,0,0,0,0,0,0,0,0,0,0,0,289855.156058,159680.0
27865879.3984,499.0,842.60939833,0,0,0,0,1,0,0,0,0,0,0,0,0,0,0,0,296320.922801,214570.0
27865880.5307,499.0,251.40327381,0,0,0,0,0,0,0,0,0,0,0,1,0,0,0,0,65921.1098763,86826.0
27865881.5517,2495.0,453.454259015,0,0,0,0,0,0,0,0,1,0,0,0,0,0,0,0,704245.748801,1729035.0
27952282.3493,499.0,738.201294771,0,1,0,0,0,0,0,0,0,0,0,0,0,0,0,0,230013.995147,262474.0
27952282.9934,499.0,756.831428571,0,0,0,0,0,0,1,0,0,0,0,0,0,0,0,0,298331.532528,229041.0
27952283.6945,499.0,674.622275641,1,0,0,0,0,0,0,0,0,0,0,0,0,0,0,0,273874.600138,555387.0
27952284.1937,499.0,251.40327381,0,0,0,0,0,0,0,0,0,0,0,1,0,0,0,0,66180.9495045,65868.0
23459484.8616,2495.0,919.153069436,0,0,0,0,1,0,0,0,0,0,0,0,0,0,0,0,924695.104122,4398685.0
28297885.4601,499.0,578.847826087,0,0,0,0,0,0,0,0,0,0,1,0,0,0,0,0,235995.49377,235029.0
28297886.5872,499.0,303.048382077,0,0,0,0,0,1,0,0,0,0,0,0,0,0,0,0,128978.973403,71856.0
28384287.1807,499.0,654.559583246,0,1,0,0,0,0,0,0,0,0,0,0,0,0,0,0,190227.610859,178642.0
28384287.8263,499.0,781.508433515,0,1,0,0,0,0,0,0,0,0,0,0,0,0,0,0,252586.000848,664668.0
20521888.7831,499.0,625.388892946,0,0,0,0,0,0,0,0,0,1,0,0,0,0,0,0,219748.355724,237524.0
28384289.2899,499.0,695.422706767,0,0,0,0,0,0,1,0,0,0,0,0,0,0,0,0,269466.192085,25449.0
28384289.8156,499.0,681.357400656,0,0,0,0,0,0,1,0,0,0,0,0,0,0,0,0,262557.192012,192115.0
28211490.5641,499.0,786.287277482,0,1,0,0,0,0,0,0,0,0,0,0,0,0,0,0,254413.761903,158183.0
28384292.5613,499.0,859.251134187,0,0,1,0,0,0,0,0,0,0,0,0,0,0,0,0,333266.854981,278941.0
23113893.0159,499.0,795.221311475,0,1,0,0,0,0,0,0,0,0,0,0,0,0,0,0,243472.356949,117265.0
28470693.7628,499.0,703.096202375,0,0,0,0,1,0,0,0,0,0,0,0,0,0,0,0,229609.661503,319360.0
28470696.2605,499.0,772.182535965,0,1,0,0,0,0,0,0,0,0,0,0,0,0,0,0,248264.8922,186127.0
28557097.3193,499.0,770.75206044,0,0,1,0,0,0,0,0,0,0,0,0,0,0,0,0,290315.005734,142714.0
28557097.9735,499.0,648.27816092,0,0,0,0,0,0,0,0,0,0,1,0,0,0,0,0,270879.806314,640217.0
28816298.4555,2495.0,868.561797753,0,0,0,0,1,0,0,0,0,0,0,0,0,0,0,0,915953.642859,1674145.0
28816299.0765,499.0,625.794827586,0,0,0,0,0,0,0,0,0,0,1,0,0,0,0,0,260615.285053,108782.0
28816299.6395,499.0,749.598517873,0,0,0,0,1,0,0,0,0,0,0,0,0,0,0,0,253491.338624,170658.0
28902700.2025,499.0,827.415565345,0,1,0,0,0,0,0,0,0,0,0,0,0,0,0,0,276694.995305,174650.0
28902701.2639,499.0,555.328042328,0,0,0,0,0,0,0,0,0,0,0,1,0,0,0,0,218329.625986,11976.0
28902701.8436,499.0,697.716981132,0,0,0,0,1,0,0,0,0,0,0,0,0,0,0,0,228266.50824,77345.0
28989102.3771,499.0,636.54994824,0,0,0,1,0,0,0,0,0,0,0,0,0,0,0,0,293492.827466,748999.0
28989102.971,499.0,641.39499269,1,0,0,0,0,0,0,0,0,0,0,0,0,0,0,0,260671.068812,272454.0
25273903.4808,2495.0,727.317940011,0,0,0,0,1,0,0,0,0,0,0,0,0,0,0,0,835920.463835,1422150.0
29161905.1412,499.0,419.371135222,0,0,0,0,0,0,0,0,1,0,0,0,0,0,0,0,87374.8178368,95309.0
29161905.6886,499.0,498.87293956,0,0,0,0,0,0,0,0,0,0,1,0,0,0,0,0,199309.47543,127245.0
29161906.2996,499.0,618.320401147,1,0,0,0,0,0,0,0,0,0,0,0,0,0,0,0,249856.294417,189620.0
29421107.0659,499.0,648.639627377,0,0,0,0,0,0,0,0,0,1,0,0,0,0,0,0,257931.722355,190119.0
29421107.9076,499.0,0.0,0,0,0,0,0,0,0,0,0,0,0,1,0,0,0,0,-52893.3845891,115768.0
29421108.6021,499.0,251.40327381,0,0,0,0,0,0,0,0,0,0,0,1,0,0,0,0,70598.1093201,70858.0
29507509.2246,499.0,693.40042023,0,0,0,0,0,0,1,0,0,0,0,0,0,0,0,0,271850.659123,360777.0
29507509.9561,2495.0,761.163899384,0,0,1,0,0,0,0,0,0,0,0,0,0,0,0,0,892489.87164,1689115.0
29593910.6951,499.0,709.454545455,0,0,0,0,1,0,0,0,0,0,0,0,0,0,0,0,236110.758242,221057.0
29593911.3731,499.0,593.526809211,0,0,0,0,0,0,0,0,0,1,0,0,0,0,0,0,231379.493148,115269.0
29593911.858,499.0,722.328290813,0,0,1,0,0,0,0,0,0,0,0,0,0,0,0,0,269646.812697,19461.0
29593912.4089,499.0,722.328290813,0,0,1,0,0,0,0,0,0,0,0,0,0,0,0,0,269646.814354,111277.0
29593915.0512,499.0,654.559583246,0,1,0,0,0,0,0,0,0,0,0,0,0,0,0,0,193865.295249,264969.0
29680315.6726,499.0,691.737347095,0,0,0,0,1,0,0,0,0,0,0,0,0,0,0,0,227667.758685,287923.0
29680316.2729,499.0,499.351222826,0,0,0,0,0,0,0,0,0,1,0,0,0,0,0,0,185379.462948,68862.0
29680317.1761,499.0,691.737347095,0,0,0,0,1,0,0,0,0,0,0,0,0,0,0,0,227667.763207,32435.0
29680317.6929,499.0,429.442481884,0,0,0,0,0,0,0,0,0,1,0,0,0,0,0,0,151039.680869,55389.0
30025918.332,499.0,874.027211272,1,0,0,0,0,0,0,0,0,0,0,0,0,0,0,0,378060.043308,236027.0
30025918.8526,499.0,0.0,0,0,0,0,0,0,0,0,0,0,0,1,0,0,0,0,-51074.5513867,128742.0
30112319.5491,499.0,394.371428571,0,1,0,0,0,0,0,0,0,0,0,0,0,0,0,0,67617.578143,41417.0
30112320.4464,499.0,429.350482315,0,0,0,0,0,0,0,0,1,0,0,0,0,0,0,0,95134.9213693,68862.0
30112320.96,499.0,659.434612964,0,1,0,0,0,0,0,0,0,0,0,0,0,0,0,0,197818.942024,42415.0
30198722.1185,499.0,932.33632792,0,0,0,0,0,1,0,0,0,0,0,0,0,0,0,0,443807.064877,321356.0
30198723.3379,499.0,485.670339197,0,0,0,0,0,0,0,0,1,0,0,0,0,0,0,0,123059.566061,143213.0
30285123.9786,499.0,828.561942157,0,1,0,0,0,0,0,0,0,0,0,0,0,0,0,0,281415.434945,209081.0
30285124.6759,499.0,851.85846395,0,0,0,0,0,0,0,0,0,0,1,0,0,0,0,0,376076.888238,575347.0
30285125.3792,499.0,636.338330835,0,0,0,1,0,0,0,0,0,0,0,0,0,0,0,0,297286.377503,380737.0
29421126.1637,2495.0,498.803571429,0,0,0,0,0,1,0,0,0,0,0,0,0,0,0,0,832540.031246,1986020.0
30371526.8303,499.0,663.488916092,0,1,0,0,0,0,0,0,0,0,0,0,0,0,0,0,200589.95475,282933.0
30371527.4215,499.0,708.617789722,0,1,0,0,0,0,0,0,0,0,0,0,0,0,0,0,222757.654841,243512.0
30371529.7798,499.0,572.163043478,0,0,0,1,0,0,0,0,0,0,0,0,0,0,0,0,266022.755659,100299.0
30630730.4545,499.0,757.316358961,0,0,1,0,0,0,0,0,0,0,0,0,0,0,0,0,289951.257742,353292.0
25792331.121,499.0,627.381021584,0,0,0,0,0,0,1,0,0,0,0,0,0,0,0,0,228248.787312,190119.0
30717131.9699,499.0,854.755747562,0,0,0,0,1,0,0,0,0,0,0,0,0,0,0,0,310861.818325,300398.0
30717132.7902,499.0,528.607142857,0,0,0,0,0,1,0,0,0,0,0,0,0,0,0,0,247050.753974,203592.0
30717134.6052,499.0,562.925798748,0,0,0,0,0,0,0,0,0,1,0,0,0,0,0,0,219725.850397,201596.0
30717135.1995,499.0,616.846875,1,0,0,0,0,0,0,0,0,0,0,0,0,0,0,0,253809.487392,155688.0
30717135.6422,499.0,732.681818182,0,0,0,0,0,0,0,0,0,1,0,0,0,0,0,0,303111.498292,17964.0
30717136.3317,499.0,711.415462375,1,0,0,0,0,0,0,0,0,0,0,0,0,0,0,0,300262.409875,485028.0
30803536.9639,499.0,697.716981132,0,0,0,0,1,0,0,0,0,0,0,0,0,0,0,0,233982.843331,63373.0
30803537.5643,499.0,537.434635743,0,0,0,0,0,0,1,0,0,0,0,0,0,0,0,0,199136.413047,147704.0
30803538.3359,499.0,711.945026686,0,0,1,0,0,0,0,0,0,0,0,0,0,0,0,0,268184.142543,139221.0
30889939.2511,499.0,713.934125125,0,1,0,0,0,0,0,0,0,0,0,0,0,0,0,0,226928.092643,333332.0
30889939.9276,499.0,684.49165225,0,0,1,0,0,0,0,0,0,0,0,0,0,0,0,0,254958.637771,214071.0
30889940.5489,499.0,694.150099734,0,0,1,0,0,0,0,0,0,0,0,0,0,0,0,0,259702.953707,17964.0
21040341.2609,499.0,598.682364971,0,0,1,0,0,0,0,0,0,0,0,0,0,0,0,0,183187.905864,357284.0
30889941.8902,499.0,906.384824188,0,0,0,0,1,0,0,0,0,0,0,0,0,0,0,0,336742.160387,932132.0
29680343.0213,499.0,617.826086957,0,0,0,1,0,0,0,0,0,0,0,0,0,0,0,0,286374.253804,168163.0
30889943.6177,2495.0,551.528011649,0,0,0,0,0,0,0,0,1,0,0,0,0,0,0,0,761514.623868,980535.0
30889944.3813,499.0,807.722967136,0,0,0,0,1,0,0,0,0,0,0,0,0,0,0,0,288278.598854,1306881.0
30976345.2574,499.0,848.13781412,0,0,0,0,1,0,0,0,0,0,0,0,0,0,0,0,308390.557205,401196.0
30976346.0916,499.0,542.577777778,0,0,0,0,0,0,0,0,0,1,0,0,0,0,0,0,210510.244512,218063.0
30976346.6715,499.0,576.702014982,0,0,0,0,0,0,0,0,1,0,0,0,0,0,0,0,170113.650846,76846.0
30976347.5021,499.0,893.807873495,1,0,0,0,0,0,0,0,0,0,0,0,0,0,0,0,390634.680444,382234.0
30976348.2799,499.0,805.86465059,0,0,0,0,0,1,0,0,0,0,0,0,0,0,0,0,384021.604547,204091.0
30976351.7808,499.0,772.012987013,0,0,0,0,0,1,0,0,0,0,0,0,0,0,0,0,367393.381193,317863.0
31235552.8059,499.0,640.605731465,0,0,0,0,0,0,0,0,0,1,0,0,0,0,0,0,259441.940676,202594.0
31235553.7974,499.0,624.222666724,0,0,0,0,0,0,0,0,0,1,0,0,0,0,0,0,251394.438648,162175.0
31235554.5887,499.0,577.593066334,0,0,0,0,0,0,0,0,0,1,0,0,0,0,0,0,228489.572576,160678.0
31235555.4087,499.0,808.904391765,0,0,1,0,0,0,0,0,0,0,0,0,0,0,0,0,317110.626992,191616.0
31235558.1032,499.0,547.647347215,1,0,0,0,0,0,0,0,0,0,0,0,0,0,0,0,221377.113314,228542.0
31321959.3376,499.0,858.015166105,0,0,0,0,1,0,0,0,0,0,0,0,0,0,0,0,314281.755875,415667.0
31321959.9889,499.0,315.21875,0,0,0,0,0,0,0,0,0,0,0,0,1,0,0,0,144892.118868,571854.0
31321961.3116,499.0,0.0,0,0,0,0,0,0,0,1,0,0,0,0,0,0,0,0,-50222.90479,174650.0
31321962.2144,499.0,803.240384615,0,0,1,0,0,0,0,0,0,0,0,0,0,0,0,0,314588.26611,179141.0
31321964.1122,2495.0,724.141244939,0,0,1,0,0,0,0,0,0,0,0,0,0,0,0,0,879760.582972,1252490.0
31321964.705,499.0,294.301682692,0,0,0,0,0,0,0,0,0,0,0,0,1,0,0,0,134617.486236,10978.0
31321965.2564,2495.0,742.551597052,0,0,0,0,1,0,0,0,0,0,0,0,0,0,0,0,861591.558359,1581830.0
31321965.9614,499.0,0.0,0,0,0,0,0,0,0,0,0,0,0,1,0,0,0,0,-47176.98053,129241.0
30198767.1336,499.0,563.223363065,0,0,0,0,0,0,0,0,0,1,0,0,0,0,0,0,218313.142745,610277.0
31408368.0033,499.0,704.913877401,0,0,0,0,0,1,0,0,0,0,0,0,0,0,0,0,335732.902229,274949.0
31408368.8074,499.0,310.536307958,0,0,0,0,0,0,0,0,1,0,0,0,0,0,0,0,40669.9320584,158682.0
31408370.9923,499.0,610.908502501,0,0,0,0,0,0,0,0,0,1,0,0,0,0,0,0,245374.113409,105289.0
31408371.6374,499.0,818.910544664,0,0,1,0,0,0,0,0,0,0,0,0,0,0,0,0,322545.443036,259979.0
31408372.4272,499.0,487.278540689,0,0,0,0,0,0,1,0,0,0,0,0,0,0,0,0,176318.204633,180638.0
31408373.041,499.0,453.454259015,0,0,0,0,0,0,0,0,1,0,0,0,0,0,0,0,110872.495125,152694.0
21558774.3419,499.0,950.960167464,0,0,0,0,0,0,0,0,0,1,0,0,0,0,0,0,382790.020276,102295.0
31408375.036,499.0,654.559583246,0,1,0,0,0,0,0,0,0,0,0,0,0,0,0,0,199321.876502,21956.0
31408375.7188,499.0,654.559583246,0,1,0,0,0,0,0,0,0,0,0,0,0,0,0,0,199321.878556,24950.0
31494776.6106,499.0,616.29753781,0,0,1,0,0,0,0,0,0,0,0,0,0,0,0,0,223280.001593,148203.0
31494777.2225,499.0,718.769980691,0,0,1,0,0,0,0,0,0,0,0,0,0,0,0,0,273615.365619,113772.0
31494777.8142,499.0,609.234352604,0,0,0,0,0,0,0,0,0,0,1,0,0,0,0,0,260535.558352,805885.0
31494778.2791,499.0,861.261583323,0,1,0,0,0,0,0,0,0,0,0,0,0,0,0,0,301115.549193,33433.0
31581181.5966,499.0,676.107421318,0,0,1,0,0,0,0,0,0,0,0,0,0,0,0,0,252918.984255,155189.0
31581182.8452,499.0,793.806020642,0,0,0,0,1,0,0,0,0,0,0,0,0,0,0,0,283521.217317,488521.0
31581186.2279,499.0,636.54994824,0,0,0,0,0,1,0,0,0,0,0,0,0,0,0,0,302671.652999,655187.0
31581186.9344,499.0,315.21875,0,0,0,0,0,0,0,0,0,0,0,0,1,0,0,0,145671.685738,135229.0
31581187.549,499.0,0.0,0,0,0,0,0,0,0,0,0,0,0,1,0,0,0,0,-46397.4297725,350298.0
31926788.3184,499.0,682.423008401,0,0,0,0,1,0,0,0,0,0,0,0,0,0,0,0,229848.236264,314370.0
31926789.3208,499.0,503.35212766,1,0,0,0,0,0,0,0,0,0,0,0,0,0,0,0,201697.63597,170658.0
31926790.0383,499.0,837.451277315,0,0,0,0,1,0,0,0,0,0,0,0,0,0,0,0,305999.486057,241017.0
31926791.1652,499.0,533.135767473,0,0,0,0,0,0,0,0,1,0,0,0,0,0,0,0,151571.776723,64371.0
32013192.2635,499.0,555.328042328,0,0,0,0,0,0,0,0,0,0,0,1,0,0,0,0,227683.729698,77345.0
32013192.7799,2495.0,810.456271402,0,0,1,0,0,0,0,0,0,0,0,0,0,0,0,0,924237.995694,1791410.0
32013193.3749,499.0,595.263777925,1,0,0,0,0,0,0,0,0,0,0,0,0,0,0,0,247105.285055,588820.0
32013193.9973,499.0,765.389655172,0,0,0,0,0,0,0,0,0,0,1,0,0,0,0,0,338799.432126,325847.0
32013194.7779,499.0,599.317470922,0,0,0,0,0,0,0,0,0,0,1,0,0,0,0,0,257223.321831,297404.0
32013195.5264,499.0,617.826086957,0,0,0,1,0,0,0,0,0,0,0,0,0,0,0,0,293389.784239,129740.0
31321996.1392,499.0,694.547036142,0,0,1,0,0,0,0,0,0,0,0,0,0,0,0,0,261197.242588,779438.0
32099597.0667,499.0,503.35212766,1,0,0,0,0,0,0,0,0,0,0,0,0,0,0,0,202217.316489,244510.0
32099597.6012,499.0,469.0,0,0,0,0,0,0,0,1,0,0,0,0,0,0,0,0,182492.572968,159181.0
32099598.1816,2495.0,551.528011649,0,0,0,0,0,0,0,0,1,0,0,0,0,0,0,0,765152.388532,1045405.0
32186000.3332,499.0,468.034324943,0,0,0,0,0,0,0,0,1,0,0,0,0,0,0,0,120372.890901,49401.0
32186001.6481,499.0,713.005879583,0,0,0,0,0,1,0,0,0,0,0,0,0,0,0,0,342046.323324,149700.0
32186003.2221,2495.0,940.152260023,0,1,0,0,0,0,0,0,0,0,0,0,0,0,0,0,945972.546954,1674145.0
32445207.4077,499.0,700.125,0,0,0,0,0,0,0,1,0,0,0,0,0,0,0,0,297062.542881,535926.0
32531608.194,499.0,550.116117106,1,0,0,0,0,0,0,0,0,0,0,0,0,0,0,0,226487.37455,443112.0
32531608.9462,499.0,808.904391765,0,0,1,0,0,0,0,0,0,0,0,0,0,0,0,0,321008.217182,437124.0
32531609.6433,499.0,808.904391765,0,0,1,0,0,0,0,0,0,0,0,0,0,0,0,0,321008.219278,517463.0
32531610.3401,499.0,550.116117106,1,0,0,0,0,0,0,0,0,0,0,0,0,0,0,0,226487.381004,173153.0
32531610.8855,2495.0,137.660727322,0,0,0,0,0,0,0,0,1,0,0,0,0,0,0,0,563156.331901,718560.0
32531611.5139,499.0,467.43708783,1,0,0,0,0,0,0,0,0,0,0,0,0,0,0,0,185874.720614,304390.0
32618012.0819,499.0,772.182535965,0,1,0,0,0,0,0,0,0,0,0,0,0,0,0,0,260737.013908,237025.0
32618012.662,499.0,687.74487535,1,0,0,0,0,0,0,0,0,0,0,0,0,0,0,0,294351.66906,196606.0
32618014.2811,2495.0,789.751672673,0,0,1,0,0,0,0,0,0,0,0,0,0,0,0,0,915886.580255,1614265.0
32618014.9017,499.0,772.182535965,0,1,0,0,0,0,0,0,0,0,0,0,0,0,0,0,260737.022388,290917.0
32704415.5964,499.0,105.847842365,0,0,0,0,1,0,0,0,0,0,0,0,0,0,0,0,-51031.9998325,190119.0
32704416.1185,2495.0,615.461311475,0,1,0,0,0,0,0,0,0,0,0,0,0,0,0,0,788040.517342,2969050.0
32099616.6948,499.0,615.070516304,0,0,0,0,0,0,0,0,0,1,0,0,0,0,0,0,249497.297412,138722.0
32790817.3873,499.0,794.224660397,0,0,0,0,0,0,0,1,0,0,0,0,0,0,0,0,344324.465379,322354.0
32790817.8849,499.0,629.952942877,1,0,0,0,0,0,0,0,0,0,0,0,0,0,0,0,266483.438175,265967.0
25446819.0569,499.0,744.452922078,0,0,0,0,0,1,0,0,0,0,0,0,0,0,0,0,337226.80683,146207.0
33050020.6095,499.0,846.077945493,0,0,0,0,0,1,0,0,0,0,0,0,0,0,0,0,410010.831716,496006.0
33050021.4027,499.0,821.946905748,0,0,0,0,0,1,0,0,0,0,0,0,0,0,0,0,398157.455854,478541.0
33136422.1047,499.0,607.876222826,1,0,0,0,0,0,0,0,0,0,0,0,0,0,0,0,256678.486908,285428.0
33136422.9611,499.0,509.529003783,0,1,0,0,0,0,0,0,0,0,0,0,0,0,0,0,133278.30095,259979.0
33136423.5171,499.0,499.351222826,0,0,0,0,0,0,0,0,0,1,0,0,0,0,0,0,195772.929962,155189.0
33136424.3346,499.0,680.107920237,0,0,1,0,0,0,0,0,0,0,0,0,0,0,0,0,259561.107941,207085.0
32531626.7249,2495.0,592.628795904,0,0,0,0,0,0,0,0,0,1,0,0,0,0,0,0,843799.402783,915665.0
33222828.4981,499.0,621.634161255,0,0,0,0,0,0,1,0,0,0,0,0,0,0,0,0,247771.432659,263971.0
33222829.105,499.0,168.927271132,0,0,0,0,0,0,0,0,0,1,0,0,0,0,0,0,33725.6339098,97804.0
33309229.749,499.0,349.004777938,0,0,0,0,1,0,0,0,0,0,0,0,0,0,0,0,70227.6612098,119760.0
33309230.7129,499.0,735.346344292,0,0,1,0,0,0,0,0,0,0,0,0,0,0,0,0,287214.382446,321855.0
33309231.2433,2495.0,727.933650598,0,0,0,0,0,1,0,0,0,0,0,0,0,0,0,0,956783.338186,2564860.0
33309232.0857,499.0,543.375327812,0,0,0,0,0,1,0,0,0,0,0,0,0,0,0,0,262100.172861,286925.0
33309232.9314,2495.0,296.661688476,0,0,0,0,0,0,0,0,0,1,0,0,0,0,0,0,700756.241433,571355.0
33395633.542,499.0,832.647299078,0,0,0,0,0,1,0,0,0,0,0,0,0,0,0,0,404452.93381,242514.0
33395634.1478,499.0,775.648648649,0,0,0,0,1,0,0,0,0,0,0,0,0,0,0,0,280058.712175,215568.0
33395634.8556,499.0,809.447059735,0,0,0,0,0,1,0,0,0,0,0,0,0,0,0,0,393056.776829,192614.0
33395635.3803,499.0,775.648648649,0,0,0,0,1,0,0,0,0,0,0,0,0,0,0,0,280058.715882,18962.0
33654836.1732,499.0,696.35668639,0,0,0,0,1,0,0,0,0,0,0,0,0,0,0,0,241889.297193,287424.0
33654836.9063,499.0,622.02186805,0,0,0,0,0,0,1,0,0,0,0,0,0,0,0,0,249261.045984,1364266.0
33654837.553,499.0,620.672912034,0,0,0,0,0,0,1,0,0,0,0,0,0,0,0,0,248598.428909,492513.0
33654838.1181,499.0,669.701954887,0,0,0,0,0,0,0,0,0,1,0,0,0,0,0,0,281009.718378,97804.0
33654838.9144,499.0,619.734947183,0,0,0,0,0,0,1,0,0,0,0,0,0,0,0,0,248137.696446,186626.0
33654839.5655,499.0,841.809065934,0,0,1,0,0,0,0,0,0,0,0,0,0,0,0,0,340549.145609,293911.0
33654840.2911,499.0,530.368357488,0,0,0,0,0,0,0,0,0,0,1,0,0,0,0,0,228291.793433,475547.0
33741241.0109,499.0,669.451379687,1,0,0,0,0,0,0,0,0,0,0,0,0,0,0,0,288743.600851,149700.0
995641.615375,499.0,637.071417683,0,0,0,0,0,0,0,0,0,1,0,0,0,0,0,0,166766.10746,464569.0
33914042.2625,499.0,610.004260395,0,0,1,0,0,0,0,0,0,0,0,0,0,0,0,0,227464.087145,130239.0
33914042.8233,499.0,625.794827586,0,0,0,0,0,0,0,0,0,0,1,0,0,0,0,0,275945.605478,560876.0
33914044.5932,499.0,596.81422127,0,0,0,0,0,0,1,0,0,0,0,0,0,0,0,0,237658.337877,430637.0
33914045.5984,499.0,441.155008563,0,0,0,1,0,0,0,0,0,0,0,0,0,0,0,0,212323.781942,494509.0
33914046.1998,499.0,727.975378788,0,0,0,0,0,0,0,1,0,0,0,0,0,0,0,0,315160.096141,158682.0
33914047.3463,499.0,608.927046753,0,0,1,0,0,0,0,0,0,0,0,0,0,0,0,0,226934.965651,89820.0
34000447.9441,499.0,722.482857143,0,0,0,0,0,0,0,0,0,1,0,0,0,0,0,0,307975.504227,156187.0
34000449.2421,499.0,828.561942157,0,1,0,0,0,0,0,0,0,0,0,0,0,0,0,0,292588.441985,148702.0
34000449.7631,2495.0,766.80692027,0,0,0,0,1,0,0,0,0,0,0,0,0,0,0,0,881560.926862,4970040.0
34000450.3162,499.0,830.026370899,0,0,0,0,1,0,0,0,0,0,0,0,0,0,0,0,308588.374914,262973.0
34000452.8799,499.0,455.076486529,0,0,0,0,0,0,0,0,1,0,0,0,0,0,0,0,119464.445973,94311.0
34259653.5967,499.0,673.405074614,0,0,0,0,0,0,1,0,0,0,0,0,0,0,0,0,276319.777938,209580.0
33914054.2299,499.0,494.209747024,1,0,0,0,0,0,0,0,0,0,0,0,0,0,0,0,203183.07175,234530.0
34259654.8029,499.0,695.422706767,0,0,0,0,0,0,1,0,0,0,0,0,0,0,0,0,287135.035479,244011.0
34259655.4422,499.0,689.883881579,0,0,0,0,0,0,1,0,0,0,0,0,0,0,0,0,284414.317917,178642.0
34259656.0547,499.0,528.244237367,0,0,0,0,0,0,0,0,1,0,0,0,0,0,0,0,156184.581936,146207.0
34346057.0675,499.0,772.182535965,0,1,0,0,0,0,0,0,0,0,0,0,0,0,0,0,265933.721442,34431.0
34346057.9679,499.0,756.831428571,0,0,0,0,0,0,1,0,0,0,0,0,0,0,0,0,317559.37605,271456.0
34346058.6523,499.0,664.176738722,1,0,0,0,0,0,0,0,0,0,0,0,0,0,0,0,287971.504313,169660.0
34346059.3317,499.0,636.338330835,0,0,0,1,0,0,0,0,0,0,0,0,0,0,0,0,309498.725123,327843.0
34346059.9439,499.0,848.750271781,1,0,0,0,0,0,0,0,0,0,0,0,0,0,0,0,378635.645552,469559.0
34518860.595,2495.0,828.561942157,0,1,0,0,0,0,0,0,0,0,0,0,0,0,0,0,898173.949725,1771450.0
34518861.2192,499.0,603.515066256,1,0,0,0,0,0,0,0,0,0,0,0,0,0,0,0,258693.624001,494509.0
34605261.8029,499.0,684.612872024,1,0,0,0,0,0,0,0,0,0,0,0,0,0,0,0,298789.40744,623750.0
34605263.7497,499.0,485.670339197,0,0,0,0,0,0,0,0,1,0,0,0,0,0,0,0,136311.247556,102794.0
34864464.4659,499.0,760.179391738,0,0,1,0,0,0,0,0,0,0,0,0,0,0,0,0,304089.60956,197604.0
34864465.1553,499.0,371.800719924,0,1,0,0,0,0,0,0,0,0,0,0,0,0,0,0,70821.659774,87325.0
34950865.814,499.0,656.486094757,0,0,0,0,0,0,0,1,0,0,0,0,0,0,0,0,283161.935508,303891.0
34950867.2803,499.0,429.621164021,0,0,0,0,0,0,0,1,0,0,0,0,0,0,0,0,171723.89731,276945.0
34950873.7083,499.0,543.009636591,0,0,0,0,0,0,0,0,0,1,0,0,0,0,0,0,222674.877302,159680.0
33914074.3947,499.0,654.559583246,0,1,0,0,0,0,0,0,0,0,0,0,0,0,0,0,206857.205064,281436.0
35037275.4267,499.0,820.455023977,0,1,0,0,0,0,0,0,0,0,0,0,0,0,0,0,291724.274807,214071.0
35037276.5521,2495.0,429.350482315,0,0,0,0,0,0,0,0,1,0,0,0,0,0,0,0,713972.123659,1312370.0
35123677.2307,499.0,652.270054041,1,0,0,0,0,0,0,0,0,0,0,0,0,0,0,0,284461.349811,691115.0
35123677.9924,499.0,703.585763293,0,0,0,0,1,0,0,0,0,0,0,0,0,0,0,0,249857.49531,277943.0
35123678.6705,499.0,773.11263572,0,0,0,0,0,0,1,0,0,0,0,0,0,0,0,0,327895.367489,407184.0
35123679.3841,499.0,900.620481928,0,0,0,0,0,1,0,0,0,0,0,0,0,0,0,0,443038.667168,346805.0
35210080.3801,499.0,532.523913043,0,0,0,0,0,0,0,0,0,0,1,0,0,0,0,0,234027.656801,260478.0
35210081.6852,2495.0,551.528011649,0,0,0,0,0,0,0,0,1,0,0,0,0,0,0,0,774506.4697,1175145.0
35210083.435,499.0,697.716981132,0,0,0,0,1,0,0,0,0,0,0,0,0,0,0,0,247234.543049,203592.0
35469284.4165,499.0,429.350482315,0,0,0,0,0,0,0,0,1,0,0,0,0,0,0,0,111244.788449,173153.0
35469285.1178,499.0,851.85846395,0,0,0,0,0,0,0,0,0,0,1,0,0,0,0,0,391667.087482,513970.0
35469286.9041,499.0,695.422706767,0,0,0,0,0,0,1,0,0,0,0,0,0,0,0,0,290772.732591,189121.0
35469288.693,499.0,557.239544173,0,0,0,0,0,0,0,0,1,0,0,0,0,0,0,0,174065.029531,23453.0
35555689.4278,499.0,615.461311475,0,1,0,0,0,0,0,0,0,0,0,0,0,0,0,0,192588.580093,347803.0
35555691.1854,499.0,572.163043478,0,0,0,1,0,0,0,0,0,0,0,0,0,0,0,0,281612.9578,423152.0
35555691.7897,499.0,615.461311475,0,1,0,0,0,0,0,0,0,0,0,0,0,0,0,0,192588.587196,25449.0
35555692.3981,499.0,689.915303076,0,0,1,0,0,0,0,0,0,0,0,0,0,0,0,0,271653.986196,326845.0
35555693.5614,499.0,313.591913857,0,0,0,0,0,0,0,1,0,0,0,0,0,0,0,0,116548.191874,140219.0
35555694.0444,499.0,924.497797357,0,1,0,0,0,0,0,0,0,0,0,0,0,0,0,0,344390.024762,28443.0
35555694.8825,499.0,615.461311475,0,0,0,0,1,0,0,0,0,0,0,0,0,0,0,0,207869.185961,30938.0
35642095.6888,499.0,636.54994824,0,0,0,1,0,0,0,0,0,0,0,0,0,0,0,0,313500.211971,356286.0
35642096.4792,499.0,591.90171371,0,0,0,0,0,0,0,0,0,1,0,0,0,0,0,0,248769.791534,352294.0
35728497.2191,499.0,810.515350877,0,1,0,0,0,0,0,0,0,0,0,0,0,0,0,0,288920.514688,255488.0
35728498.529,499.0,605.142490066,0,0,1,0,0,0,0,0,0,0,0,0,0,0,0,0,230532.513015,668161.0
35728499.1134,499.0,528.057206958,0,0,0,0,0,1,0,0,0,0,0,0,0,0,0,0,261851.180345,157185.0
35728499.6894,499.0,585.09375,0,0,0,0,0,0,0,0,0,1,0,0,0,0,0,0,245685.49835,243013.0
35728500.2905,499.0,0.0,0,0,0,0,0,0,0,1,0,0,0,0,0,0,0,0,-36971.2276039,322853.0
35814902.0391,195.0,426.541349186,0,0,0,0,0,0,0,1,0,0,0,0,0,0,0,0,80813.4355874,28860.0
35814902.5281,195.0,502.543395158,0,0,0,0,0,0,0,1,0,0,0,0,0,0,0,0,118146.308251,35685.0
35814903.0538,499.0,303.914285714,0,0,0,0,0,0,0,0,0,0,0,1,0,0,0,0,115619.880759,138722.0
32618103.7584,499.0,600.770177211,0,0,0,0,0,0,0,0,0,1,0,0,0,0,0,0,244032.078996,482034.0
35814904.2816,2495.0,895.834843316,0,0,0,0,1,0,0,0,0,0,0,0,0,0,0,0,950397.138497,1005485.0
35814904.8931,499.0,414.973803071,0,0,0,0,0,1,0,0,0,0,0,0,0,0,0,0,206563.467094,126746.0
36074105.4888,499.0,654.991394812,0,0,0,0,0,0,0,0,0,1,0,0,0,0,0,0,281059.166073,330338.0
24323707.6174,499.0,0.0,0,0,0,0,0,0,0,1,0,0,0,0,0,0,0,0,-71268.5824217,172654.0
36074108.2998,499.0,700.125,0,0,0,0,0,0,0,1,0,0,0,0,0,0,0,0,307975.648017,232534.0
36160511.3562,499.0,679.663666002,0,0,0,0,0,1,0,0,0,0,0,0,0,0,0,0,337620.781844,152195.0
36160512.3405,499.0,139.570038351,0,0,0,0,0,0,0,0,1,0,0,0,0,0,0,0,-29019.1928795,121257.0
36246913.0416,499.0,848.750271781,1,0,0,0,0,0,0,0,0,0,0,0,0,0,0,0,384352.034707,704588.0
36246914.4366,499.0,723.548387097,0,0,0,0,1,0,0,0,0,0,0,0,0,0,0,0,263041.192669,227045.0
36246915.5942,499.0,458.983938172,1,0,0,0,0,0,0,0,0,0,0,0,0,0,0,0,192895.40274,510976.0
33827716.3596,2495.0,745.820257336,0,0,0,0,1,0,0,0,0,0,0,0,0,0,0,0,870732.637115,2629730.0
36333317.0866,499.0,677.190516255,1,0,0,0,0,0,0,0,0,0,0,0,0,0,0,0,300340.219728,200598.0
36419717.6389,499.0,555.328042328,0,0,0,0,0,0,0,0,0,0,0,1,0,0,0,0,240935.365974,122754.0
36419718.1427,2495.0,766.546884833,0,1,0,0,0,0,0,0,0,0,0,0,0,0,0,0,873428.012499,3315855.0
36419718.6789,499.0,753.716733871,1,0,0,0,0,0,0,0,0,0,0,0,0,0,0,0,338190.402028,351795.0
36419719.2269,499.0,734.207570948,0,0,1,0,0,0,0,0,0,0,0,0,0,0,0,0,296009.103234,198103.0
36419720.0909,499.0,772.182535965,0,1,0,0,0,0,0,0,0,0,0,0,0,0,0,0,272169.797671,331336.0
36675320.7721,499.0,623.90796371,0,0,0,0,0,0,0,0,0,1,0,0,0,0,0,0,267598.732304,388721.0
36675321.3654,2495.0,702.476005802,0,0,1,0,0,0,0,0,0,0,0,0,0,0,0,0,885217.448284,1524445.0
33914121.8576,2495.0,702.476005802,0,0,0,0,1,0,0,0,0,0,0,0,0,0,0,0,849701.405965,1469555.0
36675322.3886,499.0,680.107920237,0,0,1,0,0,0,0,0,0,0,0,0,0,0,0,0,270203.549737,278442.0
36761723.0232,499.0,824.56043956,0,0,0,0,0,0,0,1,0,0,0,0,0,0,0,0,371167.273678,395208.0
36761723.632,499.0,726.912919996,0,0,0,1,0,0,0,0,0,0,0,0,0,0,0,0,361254.325596,551894.0
32099724.2367,499.0,897.257636288,0,0,0,0,1,0,0,0,0,0,0,0,0,0,0,0,335896.954626,705087.0
36848124.8719,499.0,592.628795904,0,0,0,0,0,0,0,0,0,1,0,0,0,0,0,0,252753.800449,255987.0
36848125.4938,499.0,540.029126214,0,0,0,0,0,0,0,0,0,1,0,0,0,0,0,0,226916.383494,144710.0
36848126.3626,499.0,623.90796371,0,0,0,0,0,0,0,0,0,1,0,0,0,0,0,0,268118.406342,136726.0
36848127.0674,499.0,754.708333333,0,0,0,0,0,0,0,1,0,0,0,0,0,0,0,0,337115.147571,169660.0
36848128.7738,499.0,585.09375,0,0,0,0,0,0,0,0,0,1,0,0,0,0,0,0,249052.531585,102295.0
36934529.3046,499.0,294.301682692,0,0,0,0,0,0,0,0,0,0,0,0,1,0,0,0,151496.014854,138722.0
36934529.8704,499.0,664.062991718,0,0,0,1,0,0,0,0,0,0,0,0,0,0,0,0,330901.565888,170159.0
37020930.5019,499.0,832.647299078,0,0,0,0,0,1,0,0,0,0,0,0,0,0,0,0,415355.200928,113772.0
37020931.0919,499.0,747.303401065,1,0,0,0,0,0,0,0,0,0,0,0,0,0,0,0,336848.128161,386226.0
37020931.8389,499.0,0.0,0,0,0,0,0,0,0,0,0,0,0,1,0,0,0,0,-30038.6194569,201097.0
37280132.7033,499.0,517.803572438,0,0,0,0,0,0,0,0,0,1,0,0,0,0,0,0,217298.1614,186626.0
37280133.3642,499.0,517.803572438,0,0,0,0,0,0,0,0,0,1,0,0,0,0,0,0,217298.163388,146207.0
37280133.9705,499.0,830.600327433,0,0,0,0,1,0,0,0,0,0,0,0,0,0,0,0,318733.220049,170159.0
37280135.2402,499.0,508.831491158,0,0,0,0,0,0,0,0,1,0,0,0,0,0,0,0,155732.28421,159181.0
37280135.7537,499.0,277.523287452,0,0,0,0,0,0,0,1,0,0,0,0,0,0,0,0,104016.839359,203093.0
37366537.5096,499.0,555.328042328,0,0,0,0,0,0,0,0,0,0,0,1,0,0,0,0,243782.714276,405188.0
37366538.9412,499.0,284.1875,0,0,0,0,0,0,0,0,0,0,0,1,0,0,0,0,110596.107454,201596.0
31235739.6773,499.0,878.369246191,0,0,0,0,0,0,0,0,0,0,1,0,0,0,0,0,391957.978167,2024443.0
37452940.3241,499.0,585.546956522,0,0,0,0,0,0,0,0,1,0,0,0,0,0,0,0,193935.265775,112275.0
37452940.717,499.0,508.831491158,0,0,0,0,0,0,0,0,1,0,0,0,0,0,0,0,156251.957905,20958.0
37452941.3494,499.0,592.628795904,0,0,0,0,0,0,0,0,0,1,0,0,0,0,0,0,254572.650288,232035.0
37539342.5484,499.0,680.107920237,0,0,1,0,0,0,0,0,0,0,0,0,0,0,0,0,272801.896488,308382.0
31235743.1997,499.0,878.369246191,0,0,0,0,0,0,0,0,0,0,1,0,0,0,0,0,391957.988759,577842.0
37539344.1798,2495.0,730.486301213,0,0,0,0,1,0,0,0,0,0,0,0,0,0,0,0,874362.351263,1719055.0
31235744.911,499.0,802.290608572,0,0,0,0,0,0,0,0,0,0,1,0,0,0,0,0,354587.500225,1672149.0
37625747.2923,499.0,687.158043239,0,0,1,0,0,0,0,0,0,0,0,0,0,0,0,0,276524.821585,360777.0
37625747.9803,2495.0,448.766242008,0,0,0,0,0,0,0,0,1,0,0,0,0,0,0,0,731293.562,1419655.0
34605348.6212,499.0,750.527358491,1,0,0,0,0,0,0,0,0,0,0,0,0,0,0,0,331167.442066,337324.0
37625749.1406,499.0,878.369246191,0,0,0,0,0,0,0,0,0,0,1,0,0,0,0,0,411174.497759,346306.0
5830549.74879,499.0,647.975341731,0,0,0,0,0,0,0,1,0,0,0,0,0,0,0,0,191408.562824,152694.0
37884950.4633,499.0,924.497797357,0,1,0,0,0,0,0,0,0,0,0,0,0,0,0,0,351394.740775,236526.0
37884951.2103,499.0,547.060938553,0,0,0,0,0,0,0,0,1,0,0,0,0,0,0,0,176329.772193,499499.0
37884952.0047,499.0,736.818216498,0,0,1,0,0,0,0,0,0,0,0,0,0,0,0,0,301697.834005,555886.0
37971352.5978,2495.0,516.213541667,0,0,0,0,0,0,0,0,0,1,0,0,0,0,0,0,822622.314999,2764460.0
37971353.221,499.0,648.27816092,0,0,0,0,0,0,0,0,0,0,1,0,0,0,0,0,299191.066486,147704.0
37971353.8504,499.0,486.105351171,0,0,0,1,0,0,0,0,0,0,0,0,0,0,0,0,246605.228392,287923.0
37971354.4291,499.0,811.411408137,0,0,1,0,0,0,0,0,0,0,0,0,0,0,0,0,338598.499503,302893.0
37971356.1889,499.0,766.546884833,0,1,0,0,0,0,0,0,0,0,0,0,0,0,0,0,274067.713825,322354.0
37971356.793,499.0,452.70116342,0,0,0,0,0,1,0,0,0,0,0,0,0,0,0,0,231580.522402,103293.0
38057757.496,499.0,294.301682692,0,0,0,0,0,0,0,0,0,0,0,0,1,0,0,0,154873.871596,279939.0
38057758.2954,499.0,761.942804683,1,0,0,0,0,0,0,0,0,0,0,0,0,0,0,0,347157.156702,294909.0
38144158.9894,499.0,625.794827586,0,0,0,0,0,0,0,0,0,0,1,0,0,0,0,0,288666.730642,624748.0
38144159.7361,499.0,0.0,0,0,0,0,0,0,0,0,0,0,0,1,0,0,0,0,-26660.7635995,159181.0
38144160.3332,499.0,555.328042328,0,0,0,0,0,0,0,0,0,0,0,1,0,0,0,0,246121.240426,156686.0
37971360.8939,499.0,722.532830974,0,0,0,0,0,1,0,0,0,0,0,0,0,0,0,0,364124.2151,355787.0
38144161.5402,499.0,854.755747562,0,0,0,0,1,0,0,0,0,0,0,0,0,0,0,0,333196.943191,247504.0
38489762.14,499.0,568.219407895,1,0,0,0,0,0,0,0,0,0,0,0,0,0,0,0,253297.680703,95808.0
38489762.7689,499.0,251.40327381,0,0,0,0,0,0,0,0,0,0,0,1,0,0,0,0,97870.0517915,59880.0
38489763.3975,499.0,716.892857143,0,0,0,0,0,1,0,0,0,0,0,0,0,0,0,0,362912.78972,52894.0
38489765.5453,499.0,693.40042023,0,0,0,0,0,0,1,0,0,0,0,0,0,0,0,0,298862.779459,101796.0
37452966.3242,499.0,722.482857143,0,0,0,0,0,0,0,0,0,1,0,0,0,0,0,0,318358.178537,345308.0
38489766.9621,2495.0,571.35700601,0,0,0,0,0,0,0,0,1,0,0,0,0,0,0,0,794109.56308,3460565.0
38576167.5644,499.0,533.135767473,0,0,0,0,0,0,0,0,1,0,0,0,0,0,0,0,171568.284176,226546.0
38576168.1962,499.0,779.719457014,0,0,0,0,0,1,0,0,0,0,0,0,0,0,0,0,394033.609339,647702.0
38576169.2231,499.0,469.0,0,0,0,0,0,0,0,1,0,0,0,0,0,0,0,0,201969.408829,188622.0
38576170.0858,499.0,757.316358961,0,0,1,0,0,0,0,0,0,0,0,0,0,0,0,0,313845.384538,495507.0
38576170.8705,499.0,1308.94642857,0,0,0,0,0,1,0,0,0,0,0,0,0,0,0,0,653994.544855,176147.0
38662572.0123,499.0,858.912493563,1,0,0,0,0,0,0,0,0,0,0,0,0,0,0,0,396608.359425,548900.0
38662572.6874,499.0,358.061604794,0,0,0,0,0,0,0,0,1,0,0,0,0,0,0,0,85830.164839,133233.0
38662573.6732,499.0,807.644527239,0,0,0,0,0,1,0,0,0,0,0,0,0,0,0,0,408010.4937,809877.0
38662574.3203,499.0,578.847826087,0,0,0,0,0,0,0,0,0,0,1,0,0,0,0,0,267164.969762,137225.0
38662576.3789,2495.0,756.831428571,0,0,0,0,0,0,1,0,0,0,0,0,0,0,0,0,934566.838501,1501990.0
38748977.1331,499.0,527.553571429,0,0,0,1,0,0,0,0,0,0,0,0,0,0,0,0,269303.485036,254989.0
38748977.8104,499.0,647.975341731,0,0,0,0,0,0,0,1,0,0,0,0,0,0,0,0,290403.348581,118762.0
38748978.3776,499.0,718.931992645,0,0,0,0,0,0,0,0,0,0,1,0,0,0,0,0,336235.381125,365268.0
38835378.8299,499.0,709.454545455,0,0,0,0,1,0,0,0,0,0,0,0,0,0,0,0,263902.399944,21956.0
38835379.5573,499.0,830.600327433,0,0,1,0,0,0,0,0,0,0,0,0,0,0,0,0,350622.626558,229540.0
38835380.3701,499.0,729.308246271,0,0,0,0,0,1,0,0,0,0,0,0,0,0,0,0,370050.703181,524948.0
38835383.3286,499.0,831.42761605,0,0,0,0,1,0,0,0,0,0,0,0,0,0,0,0,323816.654929,1372250.0
38835383.9275,499.0,738.263736264,0,0,1,0,0,0,0,0,0,0,0,0,0,0,0,0,305266.096723,138223.0
39094584.5713,499.0,758.225316206,0,1,0,0,0,0,0,0,0,0,0,0,0,0,0,0,273357.943687,234031.0
39094585.1642,499.0,798.624153235,0,0,0,0,1,0,0,0,0,0,0,0,0,0,0,0,308482.797806,155189.0
39094585.7911,499.0,729.930558303,0,1,0,0,0,0,0,0,0,0,0,0,0,0,0,0,259459.31425,373751.0
39094586.9225,499.0,738.263736264,0,0,1,0,0,0,0,0,0,0,0,0,0,0,0,0,306045.591567,151197.0
39094587.6775,499.0,277.523287452,0,0,0,0,0,0,0,1,0,0,0,0,0,0,0,0,109473.396371,142714.0
39180988.3517,499.0,780.449541284,0,0,0,0,1,0,0,0,0,0,0,0,0,0,0,0,299815.107301,126247.0
39180989.1499,499.0,744.252735676,0,1,0,0,0,0,0,0,0,0,0,0,0,0,0,0,266754.332032,2035920.0
38662589.7992,2495.0,824.56043956,0,0,0,0,0,0,0,1,0,0,0,0,0,0,0,0,980910.20589,2048395.0
29680590.4179,499.0,600.33982684,0,0,0,0,0,1,0,0,0,0,0,0,0,0,0,0,279169.30854,152694.0
39180991.03,2495.0,709.454545455,0,0,0,0,1,0,0,0,0,0,0,0,0,0,0,0,868968.253006,2539910.0
39180991.5061,499.0,165.789713954,0,0,0,0,0,0,0,0,1,0,0,0,0,0,0,0,-7056.44507059,81836.0
39267392.1452,499.0,883.424867283,0,0,0,0,1,0,0,0,0,0,0,0,0,0,0,0,350657.330103,413671.0
39267392.6964,499.0,429.621164021,0,0,0,0,0,0,0,1,0,0,0,0,0,0,0,0,184704.878904,150698.0
39353793.2645,2495.0,699.077910177,0,0,0,0,1,0,0,0,0,0,0,0,0,0,0,0,864390.822744,2789410.0
39440193.8931,499.0,752.879580954,0,0,1,0,0,0,0,0,0,0,0,0,0,0,0,0,314264.35801,301895.0
39440194.4636,499.0,760.288776235,0,0,1,0,0,0,0,0,0,0,0,0,0,0,0,0,317903.821395,280937.0
57414995.318,499.0,661.956232836,0,0,0,0,0,0,1,0,0,0,0,0,0,0,0,0,340330.500848,285428.0
39440195.9301,499.0,350.805474967,0,0,0,0,0,0,0,0,0,0,0,0,1,0,0,0,186786.403039,99800.0
39440197.0535,2495.0,803.240384615,0,0,1,0,0,0,0,0,0,0,0,0,0,0,0,0,943028.537643,3153680.0
39699397.6062,499.0,429.621164021,0,0,0,0,0,0,0,1,0,0,0,0,0,0,0,0,186004.036732,77844.0
39699400.0168,499.0,598.682364971,0,0,1,0,0,0,0,0,0,0,0,0,0,0,0,0,239300.838126,198602.0
39699400.6421,2495.0,603.075457746,0,0,0,0,0,0,1,0,0,0,0,0,0,0,0,0,862158.57417,2362765.0
39785804.845,499.0,516.173913043,0,0,0,0,0,0,0,0,1,0,0,0,0,0,0,0,166874.185286,150698.0
42896297.8938,499.0,755.2,0,0,0,0,1,0,0,0,0,0,0,0,0,0,0,0,298585.271054,42415.0
57329100.8441,499.0,0.0,0,1,0,0,0,0,0,0,0,0,0,0,0,0,0,0,-44252.7620008,26946.0
39699401.4856,499.0,706.06615566,1,0,0,0,0,0,0,0,0,0,0,0,0,0,0,0,324646.930426,274949.0
39699402.2515,499.0,277.523287452,0,0,0,0,0,0,0,1,0,0,0,0,0,0,0,0,111292.240487,169660.0
39699402.8771,499.0,689.298768877,0,0,0,0,0,0,1,0,0,0,0,0,0,0,0,0,300485.725203,1226542.0
39699403.4895,499.0,528.607142857,0,0,0,1,0,0,0,0,0,0,0,0,0,0,0,0,272679.202555,127245.0
39785804.1473,499.0,732.681818182,0,0,0,0,0,0,0,0,0,1,0,0,0,0,0,0,330383.483883,117764.0
39785805.4696,499.0,722.482857143,0,0,0,0,0,0,0,0,0,1,0,0,0,0,0,0,325373.668796,141716.0
39872206.0481,499.0,578.847826087,0,0,0,0,0,0,0,0,0,0,1,0,0,0,0,0,270802.665752,185628.0
39872206.6112,499.0,716.892857143,0,0,0,0,0,1,0,0,0,0,0,0,0,0,0,0,367070.177476,101297.0
39872208.7731,499.0,760.170399045,0,0,0,0,0,0,0,1,0,0,0,0,0,0,0,0,348892.409278,254490.0
39872209.4546,499.0,609.234352604,0,0,0,0,0,0,0,0,0,0,1,0,0,0,0,0,285728.80418,1190115.0
39958610.2671,499.0,358.061604794,0,0,0,0,0,0,0,0,1,0,0,0,0,0,0,0,89727.7070393,142215.0
32445410.8853,499.0,953.949438783,1,0,0,0,0,0,0,0,0,0,0,0,0,0,0,0,424594.622975,705087.0
39958611.4957,499.0,424.622609579,0,0,0,0,0,0,0,0,1,0,0,0,0,0,0,0,122423.059738,102794.0
39958612.1142,499.0,686.072252827,0,0,1,0,0,0,0,0,0,0,0,0,0,0,0,0,283007.039292,223552.0
39958613.2352,499.0,749.931906543,0,0,1,0,0,0,0,0,0,0,0,0,0,0,0,0,314375.464343,275448.0
39958614.0911,499.0,1023.39416058,1,0,0,0,0,0,0,0,0,0,0,0,0,0,0,0,481300.751792,1037421.0
40045014.741,499.0,595.263777925,1,0,0,0,0,0,0,0,0,0,0,0,0,0,0,0,271259.185535,549898.0
40045015.2833,499.0,953.949438783,1,0,0,0,0,0,0,0,0,0,0,0,0,0,0,0,447448.72791,340817.0
40045015.9149,499.0,701.242424242,0,0,0,0,0,1,0,0,0,0,0,0,0,0,0,0,359902.232852,340318.0
40045018.6145,499.0,303.914285714,0,0,0,0,0,0,0,1,0,0,0,0,0,0,0,0,125295.093827,9980.0
40304219.2769,499.0,514.609856887,0,0,0,0,0,0,0,0,1,0,0,0,0,0,0,0,167664.922267,148203.0
40304220.3022,499.0,826.750135704,1,0,0,0,0,0,0,0,0,0,0,0,0,0,0,0,385746.816178,218063.0
33655020.9482,499.0,1023.39416058,1,0,0,0,0,0,0,0,0,0,0,0,0,0,0,0,462344.109892,699099.0
40304222.3153,499.0,867.996525538,0,0,0,0,1,0,0,0,0,0,0,0,0,0,0,0,346196.827477,873749.0
40304222.8444,499.0,709.454545455,0,0,0,0,1,0,0,0,0,0,0,0,0,0,0,0,268319.61872,215568.0
40304223.3567,499.0,773.338439769,0,0,0,0,0,0,0,0,0,0,0,1,0,0,0,0,359705.763504,175149.0
40304223.866,499.0,585.393772894,0,0,0,0,0,0,0,0,0,0,1,0,0,0,0,0,275317.288849,201596.0
40390624.3864,499.0,841.782208436,0,1,0,0,0,0,0,0,0,0,0,0,0,0,0,0,318299.370508,201596.0
40390624.9441,499.0,691.737347095,0,0,0,0,1,0,0,0,0,0,0,0,0,0,0,0,259876.61051,373252.0
40390625.5303,499.0,1071.64680933,0,0,1,0,0,0,0,0,0,0,0,0,0,0,0,0,473703.824686,1721051.0
40390626.3095,499.0,179.444365149,0,0,0,0,0,0,0,0,0,1,0,0,0,0,0,0,60447.2643756,85329.0
40390627.1546,499.0,684.473822938,0,0,0,0,0,0,1,0,0,0,0,0,0,0,0,0,300194.371373,590317.0
40390627.7554,499.0,168.927271132,0,0,0,0,0,0,0,0,0,1,0,0,0,0,0,0,55281.1799528,121257.0
40477028.3774,499.0,764.319558408,0,0,0,0,0,0,0,0,0,0,1,0,0,0,0,0,363726.873895,332334.0
40477028.9919,499.0,91.9297142247,0,0,1,0,0,0,0,0,0,0,0,0,0,0,0,0,-7281.9613131,346805.0
40477029.7275,499.0,611.098165939,0,0,1,0,0,0,0,0,0,0,0,0,0,0,0,0,247738.135255,349300.0
40477030.2913,2495.0,775.648648649,0,0,0,0,1,0,0,0,0,0,0,0,0,0,0,0,905380.92399,1529435.0
40477031.0552,499.0,940.152260023,0,1,0,0,0,0,0,0,0,0,0,0,0,0,0,0,366879.450797,445607.0
40477031.6573,499.0,469.0,0,0,0,0,0,0,0,1,0,0,0,0,0,0,0,0,207685.826061,143213.0
40477032.3365,499.0,684.473822938,0,0,0,0,0,0,1,0,0,0,0,0,0,0,0,0,300454.215569,799398.0
40477033.2154,499.0,555.328042328,0,0,0,0,0,0,0,0,0,0,0,1,0,0,0,0,253136.832141,161177.0
40477034.0315,499.0,294.301682692,0,0,0,0,0,0,0,0,0,0,0,0,1,0,0,0,162149.30291,482034.0
36934635.6548,2495.0,665.447064394,0,0,0,0,0,0,0,0,0,1,0,0,0,0,0,0,892809.435924,1988515.0
40563436.3271,499.0,477.558035714,0,0,0,0,0,0,0,0,1,0,0,0,0,0,0,0,150244.280034,224051.0
38749037.5261,499.0,706.447736623,1,0,0,0,0,0,0,0,0,0,0,0,0,0,0,0,321976.359986,546405.0
61130239.8396,499.0,661.956232836,0,0,0,0,0,0,1,0,0,0,0,0,0,0,0,0,351503.265075,311875.0
40563440.4945,499.0,329.60107825,0,0,0,0,0,0,0,1,0,0,0,0,0,0,0,0,139471.708957,154191.0
40563441.0659,499.0,691.737347095,0,0,0,0,1,0,0,0,0,0,0,0,0,0,0,0,260396.316217,320358.0
40563441.4793,499.0,453.454259015,0,0,0,0,0,0,0,0,1,0,0,0,0,0,0,0,138404.309127,32934.0
40563442.0652,499.0,595.263777925,1,0,0,0,0,0,0,0,0,0,0,0,0,0,0,0,272818.239382,118762.0
40563442.6953,499.0,595.263777925,1,0,0,0,0,0,0,0,0,0,0,0,0,0,0,0,272818.241276,190119.0
40909043.2234,499.0,356.511363636,0,0,0,0,0,0,0,1,0,0,0,0,0,0,0,0,153729.599683,116267.0
40909043.7197,499.0,851.85846395,0,0,0,0,0,0,0,0,0,0,1,0,0,0,0,0,408025.940838,191616.0
40909044.2496,499.0,860.668420181,1,0,0,0,0,0,0,0,0,0,0,0,0,0,0,0,404226.647134,590317.0
40909045.0583,499.0,760.968255384,0,0,0,0,0,1,0,0,0,0,0,0,0,0,0,0,391838.458415,467563.0
40909045.9784,499.0,581.811646611,0,0,0,0,0,0,0,0,0,1,0,0,0,0,0,0,259652.630885,171656.0
40909046.5999,499.0,760.968255384,0,0,0,0,0,1,0,0,0,0,0,0,0,0,0,0,391838.463051,823849.0
40995447.259,499.0,358.061604794,0,0,0,0,0,0,0,0,1,0,0,0,0,0,0,0,92845.7616345,106287.0
6003447.95843,499.0,764.783779552,0,0,0,0,1,0,0,0,0,0,0,0,0,0,0,0,192345.939865,1093808.0
40390648.5452,499.0,267.714866654,0,0,0,0,0,0,0,0,1,0,0,0,0,0,0,0,46647.8554882,126247.0
38057849.341,2495.0,796.98690939,0,0,0,0,0,0,0,0,0,1,0,0,0,0,0,0,960800.773946,3400685.0
40995449.9754,499.0,533.135767473,0,0,0,0,0,0,0,0,1,0,0,0,0,0,0,0,178843.733159,224550.0
41081850.6107,499.0,618.320401147,1,0,0,0,0,0,0,0,0,0,0,0,0,0,0,0,285702.85219,303392.0
41081850.9689,5750.0,143.258064516,0,0,0,0,0,1,0,0,0,0,0,0,0,0,0,0,1677983.15316,17250.0
41081851.7021,499.0,953.949438783,1,0,0,0,0,0,0,0,0,0,0,0,0,0,0,0,450566.780781,528441.0
41081852.3567,499.0,472.762197679,0,0,0,0,0,0,0,0,1,0,0,0,0,0,0,0,149447.542233,158183.0
41081855.1741,499.0,661.956232836,0,0,0,0,0,0,1,0,0,0,0,0,0,0,0,0,291212.246895,146207.0
41081856.1061,499.0,610.004260395,0,0,1,0,0,0,0,0,0,0,0,0,0,0,0,0,249019.678879,208582.0
41081856.7485,499.0,566.905369484,1,0,0,0,0,0,0,0,0,0,0,0,0,0,0,0,260447.356406,674149.0
24755857.2762,2495.0,609.623073593,0,0,0,0,0,0,1,0,0,0,0,0,0,0,0,0,820435.46701,1065365.0
41081858.238,499.0,621.328833423,0,0,0,0,0,0,1,0,0,0,0,0,0,0,0,0,271255.72139,252993.0
41081858.8852,499.0,92.8642182451,0,0,1,0,0,0,0,0,0,0,0,0,0,0,0,0,-5004.03456161,61876.0
41168259.6272,499.0,673.405074614,0,0,0,0,0,0,1,0,0,0,0,0,0,0,0,0,297095.860338,275947.0
40995460.7062,499.0,778.089868095,0,0,0,0,1,0,0,0,0,0,0,0,0,0,0,0,304112.633599,443611.0
41168261.6537,2495.0,0.0,0,0,1,0,0,0,0,0,0,0,0,0,0,0,0,0,553666.586278,1629235.0
10064262.4547,499.0,591.445548341,0,0,0,0,0,0,1,0,0,0,0,0,0,0,0,0,163298.330597,432134.0
41168263.2728,499.0,851.85846395,0,0,0,0,0,0,0,0,0,0,1,0,0,0,0,0,408805.485477,1167161.0
41168264.1676,499.0,500.272615066,0,0,0,1,0,0,0,0,0,0,0,0,0,0,0,0,263178.303021,499000.0
41168264.7843,499.0,778.679786393,0,0,0,0,1,0,0,0,0,0,0,0,0,0,0,0,304922.076127,48902.0
41254665.915,499.0,600.569013112,0,0,0,0,0,1,0,0,0,0,0,0,0,0,0,0,314088.321772,188622.0
41254666.469,499.0,697.716981132,0,0,0,0,1,0,0,0,0,0,0,0,0,0,0,0,265412.270166,262474.0
41254667.1343,499.0,130.732826688,0,1,0,0,0,0,0,0,0,0,0,0,0,0,0,0,-28375.903972,91317.0
41254667.6833,499.0,419.371135222,0,0,0,0,0,0,0,0,1,0,0,0,0,0,0,0,123741.087661,119760.0
41513868.154,2495.0,163.961052973,0,0,0,0,0,0,0,0,0,1,0,0,0,0,0,0,660246.125436,291915.0
41513868.8558,499.0,833.390598206,0,1,0,0,0,0,0,0,0,0,0,0,0,0,0,0,317555.243699,550397.0
41513869.4768,499.0,573.216614907,0,0,0,0,0,1,0,0,0,0,0,0,0,0,0,0,301432.080559,167664.0
41600271.1168,499.0,800.516005397,0,0,0,0,0,0,0,0,0,0,1,0,0,0,0,0,384884.786435,385727.0
41600271.6355,499.0,824.56043956,0,0,0,0,0,0,0,1,0,0,0,0,0,0,0,0,385718.122897,313871.0
41600273.8008,499.0,712.766766021,0,1,0,0,0,0,0,0,0,0,0,0,0,0,0,0,258563.603461,248003.0
41600274.2014,499.0,744.961198189,0,0,0,0,0,0,0,0,0,0,1,0,0,0,0,0,357595.787434,294410.0
41600274.7846,499.0,620.321596244,0,0,0,0,0,0,1,0,0,0,0,0,0,0,0,0,272319.979094,532433.0
41686675.3805,499.0,582.051759834,0,0,0,1,0,0,0,0,0,0,0,0,0,0,0,0,304907.941178,371755.0
38576277.3919,2495.0,591.565493516,0,0,0,0,0,0,1,0,0,0,0,0,0,0,0,0,853127.237692,2774440.0
41773078.0551,499.0,808.904391765,0,0,1,0,0,0,0,0,0,0,0,0,0,0,0,0,348799.861813,421156.0
41859478.6571,499.0,157.045675541,0,0,0,0,1,0,0,0,0,0,0,0,0,0,0,0,1648.62243853,227045.0
41859480.3302,499.0,610.075156926,0,0,0,0,0,0,0,0,0,1,0,0,0,0,0,0,276394.132944,201097.0
42118680.9776,2495.0,685.116428571,0,0,0,0,0,0,1,0,0,0,0,0,0,0,0,0,909733.260927,2158175.0
42118683.051,499.0,419.371135222,0,0,0,0,0,0,0,0,1,0,0,0,0,0,0,0,126339.420001,194111.0
42118685.0645,499.0,1023.25478831,0,0,0,0,1,0,0,0,0,0,0,0,0,0,0,0,427917.636663,277444.0
39440285.7351,2495.0,933.458781362,0,0,0,0,1,0,0,0,0,0,0,0,0,0,0,0,979780.867879,9426110.0
41686686.4724,499.0,561.620354317,0,0,0,0,0,0,0,0,0,1,0,0,0,0,0,0,252073.070409,392214.0
42205087.1767,499.0,924.497797357,0,1,0,0,0,0,0,0,0,0,0,0,0,0,0,0,364386.582536,336825.0
42205087.7693,499.0,617.514590095,0,0,0,0,0,0,0,0,0,0,1,0,0,0,0,0,296811.73747,789917.0
42205088.4101,499.0,808.904391765,0,0,1,0,0,0,0,0,0,0,0,0,0,0,0,0,350099.036016,906683.0
42205089.2981,499.0,550.242822636,0,0,0,1,0,0,0,0,0,0,0,0,0,0,0,0,290842.125928,178143.0
42291491.013,499.0,485.670339197,0,0,0,0,0,0,0,0,1,0,0,0,0,0,0,0,159425.851321,127744.0
42291491.6589,499.0,692.987103317,1,0,0,0,0,0,0,0,0,0,0,0,0,0,0,0,326017.51482,616265.0
42118696.7211,499.0,585.09375,0,0,0,0,0,0,0,0,0,1,0,0,0,0,0,0,264902.582012,24950.0
42809897.4105,499.0,573.216614907,0,0,0,0,0,1,0,0,0,0,0,0,0,0,0,0,305329.593751,223552.0
42896298.534,499.0,755.2,0,0,0,0,1,0,0,0,0,0,0,0,0,0,0,0,298585.272979,818360.0
43328301.0065,499.0,848.13781412,0,0,0,0,1,0,0,0,0,0,0,0,0,0,0,0,345536.292438,302394.0
43414701.8906,2495.0,847.125209414,0,0,0,0,1,0,0,0,0,0,0,0,0,0,0,0,949325.225324,3897190.0
43414702.5134,499.0,775.648648649,0,0,0,0,1,0,0,0,0,0,0,0,0,0,0,0,310188.812084,228043.0
43414703.1268,499.0,636.512158521,0,0,0,0,0,0,0,0,0,1,0,0,0,0,0,0,294057.203447,155688.0
43414703.7426,499.0,573.216614907,0,0,0,1,0,0,0,0,0,0,0,0,0,0,0,0,305764.698086,380238.0
43501104.2515,499.0,878.369246191,0,0,0,0,0,0,0,0,0,0,1,0,0,0,0,0,428843.309871,510976.0
43587506.3255,499.0,805.86465059,0,0,0,0,0,1,0,0,0,0,0,0,0,0,0,0,421946.832524,787422.0
43587506.9379,499.0,877.268800771,0,0,1,0,0,0,0,0,0,0,0,0,0,0,0,0,387837.5465,502493.0
43587507.6435,499.0,707.624248941,0,0,0,0,1,0,0,0,0,0,0,0,0,0,0,0,277294.303319,77844.0
43587508.4697,499.0,429.350482315,0,0,0,0,0,0,0,0,1,0,0,0,0,0,0,0,135658.525623,422154.0
43587509.2008,499.0,755.2,0,0,0,0,1,0,0,0,0,0,0,0,0,0,0,0,300663.933957,302394.0
43587510.0512,499.0,791.690504808,0,0,1,0,0,0,0,0,0,0,0,0,0,0,0,0,345800.746732,427144.0
43673913.263,2495.0,697.716981132,0,0,0,0,1,0,0,0,0,0,0,0,0,0,0,0,876714.113962,2562365.0
43933113.7656,499.0,988.504833512,0,0,1,0,0,0,0,0,0,0,0,0,0,0,0,0,443516.995827,30439.0
44019514.6532,499.0,808.904391765,0,0,1,0,0,0,0,0,0,0,0,0,0,0,0,0,355555.515799,315867.0
44019515.6476,499.0,688.460131763,0,0,1,0,0,0,0,0,0,0,0,0,0,0,0,0,296392.242499,186127.0
44019517.4395,499.0,827.415565345,0,1,0,0,0,0,0,0,0,0,0,0,0,0,0,0,322155.43105,350298.0
44019518.1186,499.0,694.388382069,0,0,1,0,0,0,0,0,0,0,0,0,0,0,0,0,299304.258445,112275.0
44105918.7322,499.0,402.154264973,0,0,0,0,0,0,0,0,1,0,0,0,0,0,0,0,123858.507807,147205.0
44105919.322,499.0,719.073265204,1,0,0,0,0,0,0,0,0,0,0,0,0,0,0,0,344287.750256,369759.0
44105920.0897,499.0,855.883668056,0,0,0,0,0,0,0,1,0,0,0,0,0,0,0,0,408639.542782,328841.0
44192320.9212,499.0,589.815394828,0,0,0,0,0,0,0,0,0,1,0,0,0,0,0,0,273457.854817,110279.0
44192321.9723,499.0,570.126984127,0,0,0,1,0,0,0,0,0,0,0,0,0,0,0,0,306585.556699,236526.0
44192322.7002,499.0,695.422706767,0,0,0,0,0,0,1,0,0,0,0,0,0,0,0,0,317005.305367,406186.0
44278723.3219,499.0,746.43124512,1,0,0,0,0,0,0,0,0,0,0,0,0,0,0,0,358245.899056,151696.0
44192323.9093,499.0,763.449775848,0,0,0,0,0,1,0,0,0,0,0,0,0,0,0,0,402931.127421,316865.0
44624324.4366,499.0,610.656097723,0,0,0,0,0,0,1,0,0,0,0,0,0,0,0,0,276666.35225,361775.0
44624324.8342,499.0,600.292429577,0,0,0,0,0,0,1,0,0,0,0,0,0,0,0,0,271575.628808,33433.0
44624325.3796,499.0,681.364630542,0,0,0,0,0,0,1,0,0,0,0,0,0,0,0,0,311399.006217,163672.0
44278725.8774,2495.0,659.393080357,1,0,0,0,0,0,0,0,0,0,0,0,0,0,0,0,919518.499182,1559375.0
44710726.6912,499.0,789.634386447,0,0,0,0,0,0,0,1,0,0,0,0,0,0,0,0,377916.135075,530437.0
44710728.8703,499.0,648.639627377,0,0,0,0,0,0,0,0,0,1,0,0,0,0,0,0,303911.829061,606784.0
44710730.7326,499.0,695.422706767,0,0,0,0,0,0,1,0,0,0,0,0,0,0,0,0,318564.301198,314370.0
44710731.3859,499.0,760.968255384,0,0,0,0,0,1,0,0,0,0,0,0,0,0,0,0,403271.176977,269959.0
44710732.1385,499.0,626.279069767,0,0,0,0,0,1,0,0,0,0,0,0,0,0,0,0,337110.67062,243512.0
44797133.3022,499.0,181.7635183,0,0,0,0,0,0,1,0,0,0,0,0,0,0,0,0,66510.241581,98303.0
44797134.0465,499.0,424.622609579,0,0,0,0,0,0,0,0,1,0,0,0,0,0,0,0,136973.830583,199600.0
44797134.6776,499.0,425.596491228,0,0,0,0,0,0,0,0,0,0,0,1,0,0,0,0,202403.292803,141217.0
44797137.2993,499.0,425.596491228,0,0,0,0,0,0,0,0,0,0,0,1,0,0,0,0,202403.300688,133732.0
44883538.2603,499.0,429.350482315,0,0,0,0,0,0,0,0,1,0,0,0,0,0,0,0,139556.044399,300398.0
45142742.8785,499.0,851.85846395,0,0,0,0,0,0,0,0,0,0,1,0,0,0,0,0,420757.841049,360777.0
45142743.4853,499.0,824.56043956,0,0,0,0,0,0,0,1,0,0,0,0,0,0,0,0,396371.312082,327843.0
45142744.275,499.0,759.202180632,0,0,1,0,0,0,0,0,0,0,0,0,0,0,0,0,334519.215059,17964.0
45142744.9618,499.0,727.719193338,0,0,0,0,0,0,0,1,0,0,0,0,0,0,0,0,348802.047497,1381731.0
45142745.9381,499.0,789.634386447,0,0,0,0,0,0,0,1,0,0,0,0,0,0,0,0,379215.336018,120758.0
45229146.6693,499.0,803.240384615,0,0,1,0,0,0,0,0,0,0,0,0,0,0,0,0,356411.002694,296406.0
45229147.365,499.0,284.1875,0,0,0,0,0,0,0,0,0,0,0,1,0,0,0,0,134241.13798,69860.0
45229147.9795,499.0,631.692920682,0,0,0,0,0,0,1,0,0,0,0,0,0,0,0,0,288818.695178,352793.0
44278748.6006,499.0,284.1875,0,0,0,0,0,0,0,0,0,0,0,1,0,0,0,0,131383.026958,179141.0
45315549.8565,499.0,757.951242225,0,0,0,0,0,0,1,0,0,0,0,0,0,0,0,0,351097.723719,213073.0
45315550.4413,499.0,469.0,0,0,0,0,0,0,0,1,0,0,0,0,0,0,0,0,222236.585578,239520.0
45315550.9628,499.0,428.279606423,0,0,0,0,0,0,0,1,0,0,0,0,0,0,0,0,202234.372879,15968.0
45315552.4378,499.0,284.1875,0,0,0,0,0,0,0,0,0,0,0,1,0,0,0,0,134500.981848,61377.0
45315552.9935,499.0,789.634386447,0,0,0,0,0,0,0,1,0,0,0,0,0,0,0,0,379735.014461,138223.0
45401954.1824,499.0,825.617802071,0,0,0,0,1,0,0,0,0,0,0,0,0,0,0,0,340710.31173,862771.0
45401954.8381,499.0,880.328665985,0,0,0,0,1,0,0,0,0,0,0,0,0,0,0,0,367584.769636,366765.0
45401955.8301,499.0,508.831491158,0,0,0,0,0,0,0,0,1,0,0,0,0,0,0,0,180156.837161,28443.0
45401956.4032,499.0,793.78008491,0,1,0,0,0,0,0,0,0,0,0,0,0,0,0,0,309790.763196,426645.0
45488357.0902,499.0,719.073265204,1,0,0,0,0,0,0,0,0,0,0,0,0,0,0,0,348445.121635,142714.0
43414759.3466,499.0,831.42761605,0,0,0,0,1,0,0,0,0,0,0,0,0,0,0,0,337588.100727,531934.0
45488360.482,499.0,550.242822636,0,0,0,1,0,0,0,0,0,0,0,0,0,0,0,0,300715.827273,350298.0
45488361.0858,499.0,795.654090354,0,0,1,0,0,0,0,0,0,0,0,0,0,0,0,0,353464.077646,157684.0
45488361.7139,499.0,639.529662698,1,0,0,0,0,0,0,0,0,0,0,0,0,0,0,0,309372.620734,243013.0
45488362.681,499.0,482.870173612,0,0,1,0,0,0,0,0,0,0,0,0,0,0,0,0,199821.88077,246506.0
45920364.9299,499.0,797.266808487,0,0,0,0,1,0,0,0,0,0,0,0,0,0,0,0,328343.059162,318362.0
45920365.6138,499.0,594.110960649,0,0,1,0,0,0,0,0,0,0,0,0,0,0,0,0,255763.482348,295907.0
46006766.2014,499.0,428.279606423,0,0,0,0,0,0,0,1,0,0,0,0,0,0,0,0,204313.047606,245508.0
46006767.0236,499.0,953.949438783,1,0,0,0,0,0,0,0,0,0,0,0,0,0,0,0,465377.358498,1549894.0
46006767.6473,499.0,739.00065013,0,0,0,0,1,0,0,0,0,0,0,0,0,0,0,0,299982.048218,275947.0
46093168.2913,499.0,863.114514923,0,0,0,0,0,1,0,0,0,0,0,0,0,0,0,0,457603.683831,306386.0
44278768.8872,499.0,861.186560277,0,0,1,0,0,0,0,0,0,0,0,0,0,0,0,0,382016.624196,660177.0
46093170.6745,2495.0,647.975341731,0,0,0,0,0,0,0,1,0,0,0,0,0,0,0,0,916515.862563,2000990.0
46093171.42,499.0,764.824441568,0,1,0,0,0,0,0,0,0,0,0,0,0,0,0,0,297646.17143,325847.0
46093172.0757,499.0,855.883668056,0,0,0,0,0,0,0,1,0,0,0,0,0,0,0,0,414615.757206,403691.0
46093172.6582,499.0,855.883668056,0,0,0,0,0,0,0,1,0,0,0,0,0,0,0,0,414615.758958,1147700.0
46093173.1643,499.0,780.260216626,0,0,0,0,0,0,0,0,0,0,1,0,0,0,0,0,388446.36017,295907.0
46352373.6974,499.0,575.694248212,0,0,0,0,0,0,0,0,0,1,0,0,0,0,0,0,273017.297842,216067.0
46352374.316,499.0,428.279606423,0,0,0,0,0,0,0,1,0,0,0,0,0,0,0,0,205352.386459,222554.0
46352375.0612,499.0,729.080192308,0,0,1,0,0,0,0,0,0,0,0,0,0,0,0,0,323360.723512,483531.0
46352375.6677,2495.0,831.281193464,0,0,0,0,0,1,0,0,0,0,0,0,0,0,0,0,1046772.88723,1095305.0
46352376.3907,499.0,717.927248908,0,0,1,0,0,0,0,0,0,0,0,0,0,0,0,0,317882.303949,192614.0
46438777.2227,499.0,533.135767473,0,0,0,0,0,0,0,0,1,0,0,0,0,0,0,0,195213.318415,240518.0
46438778.9246,499.0,588.421767241,1,0,0,0,0,0,0,0,0,0,0,0,0,0,0,0,287126.140984,272953.0
46438779.5197,499.0,765.389655172,0,0,0,0,0,0,0,0,0,0,1,0,0,0,0,0,382181.143596,302394.0
46438781.8933,499.0,684.219285714,0,0,0,0,0,0,1,0,0,0,0,0,0,0,0,0,318257.808676,949597.0
46438782.769,499.0,684.219285714,0,0,0,0,0,0,1,0,0,0,0,0,0,0,0,0,318257.811309,983030.0
46525183.6684,499.0,425.596491228,0,0,0,0,0,1,0,0,0,0,0,0,0,0,0,0,243990.184746,187624.0
46525184.6329,499.0,576.428932179,0,0,0,0,0,1,0,0,0,0,0,0,0,0,0,0,318080.404793,174650.0
44710785.6912,499.0,727.606725078,0,0,0,0,1,0,0,0,0,0,0,0,0,0,0,0,290487.877432,286925.0
46525186.282,499.0,251.40327381,0,0,0,0,0,0,0,0,0,0,0,1,0,0,0,0,122034.784921,72355.0
46525186.888,499.0,313.591913857,0,0,0,0,0,0,0,1,0,0,0,0,0,0,0,0,149536.481585,332833.0
46525188.0447,499.0,313.591913857,0,0,0,0,0,0,0,1,0,0,0,0,0,0,0,0,149536.485063,98303.0
46611588.9314,499.0,582.066349384,1,0,0,0,0,0,0,0,0,0,0,0,0,0,0,0,284523.991341,164171.0
46611589.7841,499.0,557.644409938,0,0,0,1,0,0,0,0,0,0,0,0,0,0,0,0,307729.411918,217564.0
46697990.5213,499.0,774.564068289,1,0,0,0,0,0,0,0,0,0,0,0,0,0,0,0,379340.391638,492014.0
46697991.0884,499.0,953.949438783,1,0,0,0,0,0,0,0,0,0,0,0,0,0,0,0,467456.059768,572852.0
46697991.7225,499.0,284.1875,0,0,0,0,0,0,0,0,0,0,0,1,0,0,0,0,138658.357788,36926.0
46697992.3975,499.0,678.343596563,0,0,1,0,0,0,0,0,0,0,0,0,0,0,0,0,299477.829526,283432.0
46697993.0391,499.0,830.026370899,0,0,0,0,1,0,0,0,0,0,0,0,0,0,0,0,346773.385424,267963.0
46697993.5401,499.0,251.40327381,0,0,0,0,0,0,0,0,0,0,0,1,0,0,0,0,122554.463973,49900.0
45488394.0749,499.0,591.90171371,0,0,0,0,0,0,0,0,0,1,0,0,0,0,0,0,278380.322121,694608.0
46957194.6924,499.0,851.85846395,0,0,0,0,0,0,0,0,0,0,1,0,0,0,0,0,426214.39773,374749.0
46957196.221,499.0,741.556706317,1,0,0,0,0,0,0,0,0,0,0,0,0,0,0,0,363906.389082,558381.0
46438797.7572,2495.0,533.135767473,0,0,0,0,0,0,0,0,1,0,0,0,0,0,0,0,799239.882091,1249995.0
46957198.4059,499.0,294.301682692,0,0,0,0,0,0,0,0,0,0,0,0,1,0,0,0,181636.943168,93812.0
46611599.1189,499.0,807.262588818,1,0,0,0,0,0,0,0,0,0,0,0,0,0,0,0,395142.38879,196107.0
47043599.7059,499.0,760.476324961,0,0,0,0,1,0,0,0,0,0,0,0,0,0,0,0,313649.127703,394210.0
42291600.305,2495.0,958.313793613,0,0,0,0,1,0,0,0,0,0,0,0,0,0,0,0,1000564.55653,2347795.0
47043602.3996,499.0,665.447064394,0,0,0,0,0,0,0,0,0,1,0,0,0,0,0,0,319183.383113,263472.0
47043603.0831,499.0,760.476324961,0,0,0,0,1,0,0,0,0,0,0,0,0,0,0,0,313649.137859,234031.0
47043603.7049,499.0,521.865056818,0,0,0,0,0,0,0,0,0,1,0,0,0,0,0,0,248654.646321,120758.0
47043604.3241,499.0,697.716981132,0,0,0,0,1,0,0,0,0,0,0,0,0,0,0,0,282821.201773,215069.0
47130005.5549,499.0,592.628795904,0,0,0,0,0,0,0,0,0,1,0,0,0,0,0,0,283674.249429,120758.0
34864806.1326,499.0,0.0,0,0,1,0,0,0,0,0,0,0,0,0,0,0,0,0,-69316.1436788,242015.0
47130006.8763,499.0,628.992903358,0,0,0,0,0,1,0,0,0,0,0,0,0,0,0,0,345719.155376,136227.0
33828007.5798,499.0,0.0,0,0,1,0,0,0,0,0,0,0,0,0,0,0,0,0,-72434.0826769,193612.0
46525208.4914,2495.0,980.23853211,0,0,1,0,0,0,0,0,0,0,0,0,0,0,0,0,1051278.16128,1554385.0
47130009.2265,499.0,793.806020642,0,0,0,0,1,0,0,0,0,0,0,0,0,0,0,0,330280.823623,591814.0
47216409.8401,499.0,805.86465059,0,0,0,0,0,1,0,0,0,0,0,0,0,0,0,0,432859.945546,220059.0
47216410.443,499.0,610.698574561,0,0,0,0,0,0,0,0,0,1,0,0,0,0,0,0,292810.126412,348801.0
47216410.9638,499.0,424.622609579,0,0,0,0,0,0,0,0,1,0,0,0,0,0,0,0,144249.263045,225049.0
47216411.3696,499.0,0.0,0,0,0,0,0,0,0,0,0,1,0,0,0,0,0,0,-7170.36382563,13972.0
47302812.0849,499.0,759.361834273,0,0,1,0,0,0,0,0,0,0,0,0,0,0,0,0,341093.557563,469559.0
47302812.6505,499.0,670.819831591,0,0,0,0,0,1,0,0,0,0,0,0,0,0,0,0,366784.583756,180638.0
47302813.1824,499.0,557.644409938,0,0,0,1,0,0,0,0,0,0,0,0,0,0,0,0,309808.111183,271456.0
37971614.0839,499.0,815.913980749,0,0,1,0,0,0,0,0,0,0,0,0,0,0,0,0,340810.983492,376745.0
47302814.8754,499.0,692.137583612,0,0,1,0,0,0,0,0,0,0,0,0,0,0,0,0,308072.424763,394709.0
45315615.4739,499.0,397.893748434,0,0,0,0,0,0,0,0,1,0,0,0,0,0,0,0,125403.596241,283432.0
47565617.0522,499.0,591.90171371,0,0,0,0,0,0,0,0,0,1,0,0,0,0,0,0,284627.104112,88822.0
47652017.8148,499.0,826.910131322,0,0,0,0,1,0,0,0,0,0,0,0,0,0,0,0,348111.676665,898200.0
47652018.4469,499.0,490.462266778,0,0,0,0,0,0,0,0,0,0,0,1,0,0,0,0,242851.35267,284430.0
47738419.1137,499.0,718.246573461,0,0,1,0,0,0,0,0,0,0,0,0,0,0,0,0,322207.371441,229540.0
47738419.6822,499.0,528.128997853,0,0,0,0,0,1,0,0,0,0,0,0,0,0,0,0,298003.58584,179640.0
47738420.962,2495.0,831.281193464,0,0,0,0,0,1,0,0,0,0,0,0,0,0,0,0,1050941.10744,1509475.0
47738421.6104,499.0,598.682364971,0,0,1,0,0,0,0,0,0,0,0,0,0,0,0,0,263476.391675,72355.0
47738422.1344,2495.0,831.281193464,0,0,0,0,0,1,0,0,0,0,0,0,0,0,0,0,1050941.11096,1609275.0
47738422.8472,499.0,453.454259015,0,0,0,0,0,0,0,0,1,0,0,0,0,0,0,0,159981.455581,226546.0
47824823.4633,499.0,571.244674185,0,0,0,0,0,1,0,0,0,0,0,0,0,0,0,0,319442.223977,168662.0
47824824.0667,499.0,627.772822641,1,0,0,0,0,0,0,0,0,0,0,0,0,0,0,0,310623.944083,167165.0
48170424.8102,2495.0,855.883668056,0,0,0,0,0,0,0,1,0,0,0,0,0,0,0,0,1024889.13061,2844300.0
48256825.8173,499.0,626.279069767,0,0,0,0,0,1,0,0,0,0,0,0,0,0,0,0,347774.751643,256486.0
48256826.6569,499.0,479.185906386,0,0,0,0,0,0,0,0,1,0,0,0,0,0,0,0,174180.049458,152694.0
48343227.4323,499.0,654.559583246,0,1,0,0,0,0,0,0,0,0,0,0,0,0,0,0,250249.645035,364270.0
48343228.0582,499.0,654.559583246,0,1,0,0,0,0,0,0,0,0,0,0,0,0,0,0,250249.646918,330837.0
48343228.7073,499.0,571.244674185,0,0,0,0,0,1,0,0,0,0,0,0,0,0,0,0,321001.211422,284929.0
48343229.4063,499.0,654.559583246,0,1,0,0,0,0,0,0,0,0,0,0,0,0,0,0,250249.650972,487024.0
48343230.4969,499.0,592.628795904,0,0,0,0,0,0,0,0,0,1,0,0,0,0,0,0,287322.751204,585327.0
48343231.0861,2495.0,845.1,0,0,0,0,1,0,0,0,0,0,0,0,0,0,0,0,963151.87034,3273440.0
48429631.6789,499.0,680.124695981,0,0,0,0,0,0,0,0,0,1,0,0,0,0,0,0,330561.336451,277444.0
48429632.3347,499.0,648.27816092,0,0,0,0,0,0,0,0,0,0,1,0,0,0,0,0,330641.994164,161177.0
46438833.1583,499.0,636.71344494,0,0,0,0,0,0,0,0,0,1,0,0,0,0,0,0,303250.469579,583830.0
44883633.7041,499.0,622.02186805,0,0,0,0,0,0,1,0,0,0,0,0,0,0,0,0,283029.132699,279939.0
48516035.4396,499.0,251.40327381,0,0,0,0,0,0,0,0,0,0,0,1,0,0,0,0,128021.817031,104291.0
48516035.8863,2495.0,358.061604794,0,0,0,0,0,0,0,0,1,0,0,0,0,0,0,0,719488.746293,618760.0
48516036.4866,499.0,284.1875,0,0,0,0,0,0,0,0,0,0,0,1,0,0,0,0,144125.719461,88323.0
48516037.2113,499.0,632.095568216,0,0,1,0,0,0,0,0,0,0,0,0,0,0,0,0,282227.754428,446605.0
48775237.7119,499.0,479.185906386,0,0,0,0,0,0,0,0,1,0,0,0,0,0,0,0,175739.054378,194111.0
48775238.3313,499.0,215.485714286,0,0,1,0,0,0,0,0,0,0,0,0,0,0,0,0,78364.8315065,76347.0
48775239.1652,499.0,673.442622951,0,1,0,0,0,0,0,0,0,0,0,0,0,0,0,0,260824.338008,234031.0
48775239.9544,499.0,0.0,0,0,0,0,0,0,0,1,0,0,0,0,0,0,0,0,2263.91434884,359779.0
47652040.7117,499.0,456.612635086,0,0,0,0,1,0,0,0,0,0,0,0,0,0,0,0,166218.369454,129740.0
48775241.7183,499.0,687.661693353,0,0,1,0,0,0,0,0,0,0,0,0,0,0,0,0,310301.821562,346306.0
48861644.3305,499.0,395.50691608,1,0,0,0,0,0,0,0,0,0,0,0,0,0,0,0,199650.899096,281436.0
48861645.0476,499.0,763.449775848,0,0,0,0,0,1,0,0,0,0,0,0,0,0,0,0,416973.062986,169161.0
48861646.1134,499.0,750.362900324,0,0,1,0,0,0,0,0,0,0,0,0,0,0,0,0,341361.045876,240019.0
48861647.3482,499.0,591.673369956,1,0,0,0,0,0,0,0,0,0,0,0,0,0,0,0,296009.589851,711574.0
48861648.1633,499.0,118.077181208,0,0,1,0,0,0,0,0,0,0,0,0,0,0,0,0,30776.764385,60878.0
48861649.8961,499.0,645.960803894,0,1,0,0,0,0,0,0,0,0,0,0,0,0,0,0,247584.888474,169161.0
48861650.4986,2495.0,688.20388101,0,0,0,0,0,0,0,0,1,0,0,0,0,0,0,0,882696.884691,3959565.0
48948051.7891,499.0,701.242424242,0,0,0,0,0,1,0,0,0,0,0,0,0,0,0,0,386676.115472,440617.0
48948052.5302,499.0,763.449775848,0,0,0,0,0,1,0,0,0,0,0,0,0,0,0,0,417232.9141,226546.0
48948053.6586,499.0,763.449775848,0,0,0,0,0,1,0,0,0,0,0,0,0,0,0,0,417232.917494,330338.0
48948054.0633,499.0,490.462266778,0,0,0,0,0,0,0,0,0,0,0,1,0,0,0,0,246748.888966,25449.0
49034454.4864,499.0,772.182535965,0,1,0,0,0,0,0,0,0,0,0,0,0,0,0,0,310105.780718,40918.0
47652056.2513,499.0,601.09802868,0,0,0,0,0,0,0,0,0,1,0,0,0,0,0,0,289404.361132,204590.0
49120857.3856,499.0,765.353651098,1,0,0,0,0,0,0,0,0,0,0,0,0,0,0,0,382102.3824,205089.0
49120858.0565,499.0,680.124695981,0,0,0,0,0,0,0,0,0,1,0,0,0,0,0,0,332640.044676,34930.0
49120858.7163,499.0,722.482857143,0,0,0,0,0,0,0,0,0,1,0,0,0,0,0,0,353446.746722,226047.0
49380059.6764,499.0,251.40327381,0,0,0,0,0,0,0,0,0,0,0,1,0,0,0,0,130620.176043,177644.0
49380060.3217,499.0,251.40327381,0,0,0,0,0,0,0,0,0,0,0,1,0,0,0,0,130620.177984,88822.0
49380060.8229,499.0,532.523913043,0,0,0,0,0,0,0,0,0,0,1,0,0,0,0,0,276640.69335,226546.0
49380061.4738,499.0,429.350482315,0,0,0,0,0,0,0,0,1,0,0,0,0,0,0,0,153078.328979,50399.0
47130063.2852,499.0,728.974380672,0,0,1,0,0,0,0,0,0,0,0,0,0,0,0,0,325647.470736,438621.0
49466463.8867,499.0,485.670339197,0,0,0,0,0,0,0,0,1,0,0,0,0,0,0,0,181002.972231,25948.0
49466464.757,499.0,765.389655172,0,0,0,0,0,0,0,0,0,0,1,0,0,0,0,0,391286.227558,479539.0
47652065.471,499.0,673.405074614,0,0,0,0,0,0,1,0,0,0,0,0,0,0,0,0,316594.451498,166167.0
49034466.0263,499.0,251.40327381,0,0,0,0,0,0,0,0,0,0,0,1,0,0,0,0,129580.880689,77345.0
49552868.6195,499.0,665.541897503,0,0,0,0,0,0,1,0,0,0,0,0,0,0,0,0,318448.228918,286925.0
49552869.5964,499.0,132.930195109,0,0,0,0,0,0,0,0,1,0,0,0,0,0,0,0,7993.76722387,111776.0
49552871.1952,499.0,904.140082112,0,1,0,0,0,0,0,0,0,0,0,0,0,0,0,0,376483.506009,40918.0
49639271.8295,499.0,429.350482315,0,0,0,0,0,0,0,0,1,0,0,0,0,0,0,0,153857.845959,86327.0
49639272.4019,499.0,419.371135222,0,0,0,0,0,0,0,0,1,0,0,0,0,0,0,0,148955.904912,170159.0
49639272.9439,2495.0,312.466022023,0,0,0,0,0,0,0,0,0,1,0,0,0,0,0,0,757628.399612,848300.0
49552874.5433,499.0,612.070569366,0,0,0,0,0,1,0,0,0,0,0,0,0,0,0,0,344692.987419,783430.0
49639275.2766,499.0,0.0,0,0,0,0,0,0,0,1,0,0,0,0,0,0,0,0,4862.30669761,408182.0
49984876.6206,499.0,489.9511563,0,0,0,0,0,0,0,1,0,0,0,0,0,0,0,0,246569.927928,211576.0
49984877.4629,499.0,412.405681818,0,0,0,0,0,0,0,1,0,0,0,0,0,0,0,0,208478.913655,158682.0
49984878.9467,499.0,356.511363636,0,0,0,0,0,0,0,1,0,0,0,0,0,0,0,0,181023.139074,151696.0
46611679.4794,2495.0,749.598517873,0,0,0,0,1,0,0,0,0,0,0,0,0,0,0,0,911033.452271,2470050.0
49984880.0749,499.0,489.9511563,0,0,0,0,0,0,0,1,0,0,0,0,0,0,0,0,246569.938316,181137.0
49984880.5972,499.0,412.405681818,0,0,0,0,0,0,0,1,0,0,0,0,0,0,0,0,208478.923081,135728.0
49984881.6671,499.0,356.511363636,0,0,0,0,0,0,0,1,0,0,0,0,0,0,0,0,181023.147255,149700.0
50071282.2399,499.0,827.415565345,0,1,0,0,0,0,0,0,0,0,0,0,0,0,0,0,340354.755718,249001.0
50071283.7771,499.0,63.6543624161,0,0,0,0,0,0,0,0,0,0,0,1,0,0,0,0,40474.9663941,105788.0
50157684.3913,499.0,766.546884833,0,1,0,0,0,0,0,0,0,0,0,0,0,0,0,0,310715.361376,289919.0
50157684.9984,499.0,810.947142072,1,0,0,0,0,0,0,0,0,0,0,0,0,0,0,0,407616.331214,544409.0
50157685.6263,499.0,472.762197679,0,0,0,0,0,0,0,0,1,0,0,0,0,0,0,0,176741.074246,108283.0
50157686.2208,499.0,582.051759834,0,0,0,1,0,0,0,0,0,0,0,0,0,0,0,0,330382.605451,319360.0
50244086.8865,499.0,814.62467282,0,1,0,0,0,0,0,0,0,0,0,0,0,0,0,0,334591.428387,502493.0
50244087.4438,499.0,646.250323399,0,0,0,0,0,0,1,0,0,0,0,0,0,0,0,0,311050.724124,387723.0
50244088.5737,499.0,639.620879121,0,0,0,0,0,0,0,0,0,0,1,0,0,0,0,0,331846.031446,251496.0
50330489.4404,499.0,871.342418546,0,0,0,0,0,0,0,0,0,1,0,0,0,0,0,0,430205.561113,222055.0
50330490.1243,499.0,479.185906386,0,0,0,0,0,0,0,0,1,0,0,0,0,0,0,0,180416.127022,299899.0
50330492.9034,499.0,315.21875,0,0,0,0,0,0,0,0,0,0,0,0,1,0,0,0,202056.016242,200099.0
50330493.3836,499.0,853.854545455,0,0,0,0,0,0,0,0,0,1,0,0,0,0,0,0,421615.376415,41417.0
50330494.2125,2495.0,695.422706767,0,0,0,0,0,0,1,0,0,0,0,0,0,0,0,0,939490.980755,1544405.0
50589694.8393,499.0,808.904391765,0,0,1,0,0,0,0,0,0,0,0,0,0,0,0,0,375313.858412,309380.0
50589695.6996,499.0,789.634386447,0,0,0,0,0,0,0,1,0,0,0,0,0,0,0,0,395595.815173,391216.0
50589697.9636,499.0,499.351222826,0,0,0,0,0,0,0,0,0,1,0,0,0,0,0,0,248259.736481,152694.0
50589698.5185,499.0,789.634386447,0,0,0,0,0,0,0,1,0,0,0,0,0,0,0,0,395595.82365,582333.0
50589699.1186,499.0,708.718248596,1,0,0,0,0,0,0,0,0,0,0,0,0,0,0,0,358699.788157,769957.0
50589699.6296,499.0,789.634386447,0,0,0,0,0,0,0,1,0,0,0,0,0,0,0,0,395595.826991,183133.0
50589700.2707,499.0,789.634386447,0,0,0,0,0,0,0,1,0,0,0,0,0,0,0,0,395595.828919,520457.0
50589703.054,499.0,772.182535965,0,1,0,0,0,0,0,0,0,0,0,0,0,0,0,0,314782.841799,405687.0
50676103.6618,499.0,569.302151815,0,0,0,0,0,0,0,0,0,1,0,0,0,0,0,0,282880.091718,153193.0
50676104.2733,499.0,772.182535965,0,1,0,0,0,0,0,0,0,0,0,0,0,0,0,0,315042.674079,652193.0
50676104.8698,499.0,695.422706767,0,0,0,0,0,0,1,0,0,0,0,0,0,0,0,0,336503.825332,516465.0
50762505.3984,499.0,749.598517873,0,0,0,0,1,0,0,0,0,0,0,0,0,0,0,0,319489.627886,238522.0
50762505.9474,499.0,760.968255384,0,0,0,0,0,1,0,0,0,0,0,0,0,0,0,0,421470.530999,306885.0
50762507.0433,499.0,695.422706767,0,0,0,0,0,0,1,0,0,0,0,0,0,0,0,0,336763.660481,1034427.0
50762507.6655,499.0,490.462266778,0,0,0,0,0,0,0,0,0,0,0,1,0,0,0,0,252205.451025,87325.0
50762508.6457,499.0,728.3470181,0,0,0,0,0,1,0,0,0,0,0,0,0,0,0,0,405446.701412,515467.0
50762509.7759,499.0,614.708529135,0,0,0,0,0,0,0,0,0,1,0,0,0,0,0,0,305443.949276,69361.0
50848911.3194,499.0,1023.39416058,1,0,0,0,0,0,0,0,0,0,0,0,0,0,0,0,514050.877009,591315.0
50848913.0658,499.0,784.653660583,0,1,0,0,0,0,0,0,0,0,0,0,0,0,0,0,321688.283475,316366.0
50935313.655,499.0,953.949438783,1,0,0,0,0,0,0,0,0,0,0,0,0,0,0,0,480198.856565,741015.0
50935314.7441,499.0,609.860300026,0,0,0,0,0,0,0,0,0,1,0,0,0,0,0,0,303582.128805,253492.0
50935315.4188,2495.0,664.176738722,1,0,0,0,0,0,0,0,0,0,0,0,0,0,0,0,941886.473462,4328825.0
51194516.6058,499.0,772.182535965,0,1,0,0,0,0,0,0,0,0,0,0,0,0,0,0,316601.682841,297404.0
51194517.0566,499.0,924.497797357,0,1,0,0,0,0,0,0,0,0,0,0,0,0,0,0,391420.275742,21457.0
51194517.9494,499.0,940.152260023,0,1,0,0,0,0,0,0,0,0,0,0,0,0,0,0,399109.887711,360278.0
51194518.714,499.0,940.152260023,0,1,0,0,0,0,0,0,0,0,0,0,0,0,0,0,399109.89001,243512.0
51280919.2915,499.0,792.793172596,0,1,0,0,0,0,0,0,0,0,0,0,0,0,0,0,326985.64491,269460.0
51280919.9032,499.0,469.0,0,0,0,0,0,0,0,1,0,0,0,0,0,0,0,0,240176.095653,329839.0
51280920.9095,499.0,660.473432819,0,0,0,0,0,0,1,0,0,0,0,0,0,0,0,0,321155.284137,362274.0
51367322.5819,499.0,284.1875,0,0,0,0,0,0,0,0,0,0,0,1,0,0,0,0,152700.322587,326845.0
51367323.0823,499.0,762.437959482,0,1,0,0,0,0,0,0,0,0,0,0,0,0,0,0,312334.738156,266965.0
51453724.1303,499.0,749.598517873,0,0,0,0,1,0,0,0,0,0,0,0,0,0,0,0,321568.313119,384729.0
51453725.3503,499.0,895.196725575,0,1,0,0,0,0,0,0,0,0,0,0,0,0,0,0,377806.843217,322354.0
51540125.9555,499.0,573.216614907,0,0,0,1,0,0,0,0,0,0,0,0,0,0,0,0,330200.08211,182135.0
51799327.565,499.0,591.565656566,0,0,0,0,0,0,0,0,0,0,1,0,0,0,0,0,312917.917172,130239.0
51799328.1699,499.0,711.945026686,0,0,1,0,0,0,0,0,0,0,0,0,0,0,0,0,331324.269178,227544.0
51885728.9548,2495.0,722.482857143,0,0,0,0,0,0,0,0,0,1,0,0,0,0,0,0,965787.975472,2270450.0
51885731.0874,499.0,720.210948241,0,0,0,0,0,0,0,0,0,1,0,0,0,0,0,0,360645.498395,420158.0
51972133.967,499.0,469.0,0,0,0,0,0,0,0,1,0,0,0,0,0,0,0,0,242254.766846,126746.0
51972134.6658,499.0,775.866222013,0,0,0,0,0,1,0,0,0,0,0,0,0,0,0,0,432426.229738,931134.0
50330535.5052,499.0,660.473432819,0,0,0,0,0,0,1,0,0,0,0,0,0,0,0,0,318297.213293,503990.0
51972136.1159,499.0,789.634386447,0,0,0,0,0,0,0,1,0,0,0,0,0,0,0,0,399753.194516,813370.0
35210536.7429,499.0,693.779803585,0,0,1,0,0,0,0,0,0,0,0,0,0,0,0,0,272514.284538,443112.0
52058538.663,499.0,105.847842365,0,0,1,0,0,0,0,0,0,0,0,0,0,0,0,0,34383.5367672,155688.0
50330539.4337,499.0,789.634386447,0,0,0,0,0,0,0,1,0,0,0,0,0,0,0,0,394816.460856,1162670.0
51540140.625,499.0,759.59911704,0,0,1,0,0,0,0,0,0,0,0,0,0,0,0,0,353952.927699,312374.0
51972141.2621,499.0,668.451864035,1,0,0,0,0,0,0,0,0,0,0,0,0,0,0,0,343077.971635,407683.0
52144941.9271,499.0,808.904391765,0,0,1,0,0,0,0,0,0,0,0,0,0,0,0,0,379990.915043,683630.0
52144942.4593,499.0,411.219670754,0,0,0,0,0,0,0,0,1,0,0,0,0,0,0,0,152487.074557,141217.0
52144943.0805,499.0,775.866222013,0,0,0,0,0,1,0,0,0,0,0,0,0,0,0,0,432945.912268,258981.0
52144943.6546,499.0,764.624390244,0,0,0,0,1,0,0,0,0,0,0,0,0,0,0,0,331027.840955,175648.0
52144944.3419,499.0,653.788303571,0,0,0,0,0,0,0,0,0,1,0,0,0,0,0,0,328797.63879,280438.0
52404146.9617,499.0,784.653660583,0,1,0,0,0,0,0,0,0,0,0,0,0,0,0,0,326365.300435,435128.0
52404147.5562,499.0,901.091603053,0,0,0,0,0,1,0,0,0,0,0,0,0,0,0,0,495237.21642,1228039.0
52404148.2807,499.0,685.116428571,0,0,0,0,0,0,1,0,0,0,0,0,0,0,0,0,336637.993939,193113.0
52404148.8989,499.0,841.704681285,0,1,0,0,0,0,0,0,0,0,0,0,0,0,0,0,354389.267722,402194.0
52490549.5171,499.0,661.729450482,1,0,0,0,0,0,0,0,0,0,0,0,0,0,0,0,341334.859672,149700.0
52490550.1879,499.0,609.860300026,0,0,0,0,0,0,0,0,0,1,0,0,0,0,0,0,308259.150419,302394.0
52490550.83,499.0,310.891715444,0,0,0,0,0,0,0,1,0,0,0,0,0,0,0,0,166149.61393,185628.0
52490552.3444,499.0,661.729450482,1,0,0,0,0,0,0,0,0,0,0,0,0,0,0,0,341334.868174,263472.0
52490554.0368,499.0,766.546884833,0,1,0,0,0,0,0,0,0,0,0,0,0,0,0,0,317730.943358,652692.0
52490554.6374,499.0,775.866222013,0,0,0,0,0,1,0,0,0,0,0,0,0,0,0,0,433985.261473,858280.0
52490555.2355,499.0,775.866222013,0,0,0,0,0,1,0,0,0,0,0,0,0,0,0,0,433985.263272,654688.0
52576955.8525,499.0,571.244674185,0,0,0,0,0,1,0,0,0,0,0,0,0,0,0,0,333733.195796,278442.0
52576956.5273,499.0,645.855272387,0,0,1,0,0,0,0,0,0,0,0,0,0,0,0,0,301198.945334,437623.0
52576957.0866,499.0,608.159574468,0,0,0,0,0,0,0,0,0,0,0,1,0,0,0,0,315475.949747,213073.0
52576957.6683,499.0,315.21875,0,0,0,0,0,0,0,0,0,0,0,0,1,0,0,0,208811.754933,149201.0
52576958.3849,499.0,647.882508993,1,0,0,0,0,0,0,0,0,0,0,0,0,0,0,0,334792.975915,306885.0
52663358.9274,499.0,647.975341731,0,0,0,0,0,0,0,1,0,0,0,0,0,0,0,0,332247.727512,186626.0
52663359.4844,499.0,561.090451474,0,0,0,0,0,0,0,0,0,1,0,0,0,0,0,0,284822.658491,149201.0
52663360.0747,499.0,429.350482315,0,0,0,0,0,0,0,0,1,0,0,0,0,0,0,0,162952.112774,162674.0
52663360.5879,2495.0,212.303883995,0,0,0,0,0,0,1,0,0,0,0,0,0,0,0,0,709194.352283,401695.0
47130162.388,499.0,744.747368421,0,0,0,0,1,0,0,0,0,0,0,0,0,0,0,0,306183.244218,408182.0
53008963.5273,499.0,796.097563714,0,1,0,0,0,0,0,0,0,0,0,0,0,0,0,0,333805.496072,320857.0
53008964.311,499.0,796.097563714,0,1,0,0,0,0,0,0,0,0,0,0,0,0,0,0,333805.498429,210578.0
53008965.1158,499.0,1048.06578947,0,0,1,0,0,0,0,0,0,0,0,0,0,0,0,0,500067.445874,60379.0
53008965.9002,499.0,796.097563714,0,1,0,0,0,0,0,0,0,0,0,0,0,0,0,0,333805.503208,302394.0
53008966.5446,499.0,792.906175972,0,1,0,0,0,0,0,0,0,0,0,0,0,0,0,0,332237.867512,419160.0
53008967.236,499.0,848.586019737,0,0,1,0,0,0,0,0,0,0,0,0,0,0,0,0,402081.240776,184630.0
53008967.8322,499.0,826.786517701,0,1,0,0,0,0,0,0,0,0,0,0,0,0,0,0,348880.192226,249500.0
53008969.4929,499.0,826.786517701,0,1,0,0,0,0,0,0,0,0,0,0,0,0,0,0,348880.197221,277444.0
37971770.7459,499.0,633.317593237,0,0,1,0,0,0,0,0,0,0,0,0,0,0,0,0,251118.508486,251496.0
53095371.6217,499.0,622.462412168,0,0,1,0,0,0,0,0,0,0,0,0,0,0,0,0,291267.184408,347304.0
52576972.8819,499.0,691.737347095,0,0,0,0,1,0,0,0,0,0,0,0,0,0,0,0,296524.317411,436625.0
53095373.4705,499.0,824.56043956,0,0,0,0,0,0,0,1,0,0,0,0,0,0,0,0,420287.062255,109780.0
53095375.6219,499.0,775.866222013,0,0,0,0,0,1,0,0,0,0,0,0,0,0,0,0,435804.124867,189121.0
83767376.3118,499.0,419.371135222,0,0,0,0,0,0,0,0,1,0,0,0,0,0,0,0,251588.519341,134231.0
53181777.1092,499.0,870.212617793,0,1,0,0,0,0,0,0,0,0,0,0,0,0,0,0,370731.158375,481535.0
53181777.8841,499.0,609.860300026,0,0,0,0,0,0,0,0,0,1,0,0,0,0,0,0,310337.86261,403192.0
53181778.4752,499.0,284.1875,0,0,0,0,0,0,0,0,0,0,0,1,0,0,0,0,158156.891536,187624.0
53268179.3746,499.0,540.029126214,0,0,0,0,0,0,0,0,0,1,0,0,0,0,0,0,276296.011009,276945.0
53268180.1944,499.0,793.806020642,0,0,0,0,1,0,0,0,0,0,0,0,0,0,0,0,348739.995452,128742.0
53354581.4689,499.0,570.126984127,0,0,0,1,0,0,0,0,0,0,0,0,0,0,0,0,334138.996195,738021.0
53613782.1418,499.0,0.0,0,0,0,0,0,0,0,0,0,0,0,1,0,0,0,0,19860.6545231,119261.0
53613782.9383,499.0,761.553219292,0,0,1,0,0,0,0,0,0,0,0,0,0,0,0,0,361148.813803,213572.0
53613784.7516,499.0,453.454259015,0,0,0,0,0,0,0,0,1,0,0,0,0,0,0,0,177650.288124,397703.0
53613785.5469,499.0,670.228928571,0,0,0,0,0,0,1,0,0,0,0,0,0,0,0,0,332962.836085,190119.0
53613786.1516,499.0,678.343596563,0,0,1,0,0,0,0,0,0,0,0,0,0,0,0,0,320275.527391,270458.0
53613787.7953,499.0,702.999263391,0,0,0,0,0,1,0,0,0,0,0,0,0,0,0,0,401570.244346,79840.0
53613788.347,499.0,761.553219292,0,0,1,0,0,0,0,0,0,0,0,0,0,0,0,0,361148.830068,368262.0
53613789.2295,499.0,840.413979709,0,0,0,0,1,0,0,0,0,0,0,0,0,0,0,0,372673.575118,412174.0
53613790.1367,499.0,726.868817495,0,0,1,0,0,0,0,0,0,0,0,0,0,0,0,0,344111.553255,385228.0
53613790.7819,499.0,803.240384615,0,0,1,0,0,0,0,0,0,0,0,0,0,0,0,0,381625.938414,284929.0
53613793.3593,499.0,733.807516405,0,0,1,0,0,0,0,0,0,0,0,0,0,0,0,0,347519.912673,222055.0
53700193.9715,499.0,660.473432819,0,0,0,0,0,0,1,0,0,0,0,0,0,0,0,0,328430.705005,163672.0
53700194.5713,2495.0,564.278787879,0,0,0,0,0,0,0,0,0,1,0,0,0,0,0,0,893533.34807,2103285.0
53700195.0654,499.0,636.54994824,0,0,0,1,0,0,0,0,0,0,0,0,0,0,0,0,367805.89375,213572.0
53700195.9051,499.0,957.911152403,0,0,0,0,1,0,0,0,0,0,0,0,0,0,0,0,430649.064978,484529.0
53700196.5398,499.0,680.107920237,0,0,1,0,0,0,0,0,0,0,0,0,0,0,0,0,321402.038498,313871.0
53700198.2631,499.0,622.462412168,0,0,1,0,0,0,0,0,0,0,0,0,0,0,0,0,293086.064814,262474.0
53700199.0777,499.0,622.462412168,0,0,1,0,0,0,0,0,0,0,0,0,0,0,0,0,293086.067263,388721.0
53786600.5144,499.0,683.169895091,0,0,1,0,0,0,0,0,0,0,0,0,0,0,0,0,323165.947952,117265.0
53786601.1345,499.0,825.617802071,0,0,0,0,1,0,0,0,0,0,0,0,0,0,0,0,365925.25599,730536.0
53873002.074,499.0,508.831491158,0,0,0,0,0,0,0,0,1,0,0,0,0,0,0,0,205631.607903,178642.0
53354602.6967,2495.0,609.310782896,0,0,1,0,0,0,0,0,0,0,0,0,0,0,0,0,889613.070038,1387220.0
53873003.3586,499.0,764.624390244,0,0,0,0,1,0,0,0,0,0,0,0,0,0,0,0,336224.592751,417663.0
53873003.9892,499.0,909.037029495,0,0,0,0,0,0,0,0,0,0,1,0,0,0,0,0,475098.754943,1028938.0
53873004.5046,499.0,508.831491158,0,0,0,0,0,0,0,0,1,0,0,0,0,0,0,0,205631.615213,24950.0
53873005.0034,499.0,0.0,0,0,0,0,0,0,0,1,0,0,0,0,0,0,0,0,17594.2988351,216067.0
53873005.6414,499.0,685.794553571,0,0,0,0,0,0,0,0,0,1,0,0,0,0,0,0,349716.145942,212075.0
53959406.2325,499.0,706.06615566,1,0,0,0,0,0,0,0,0,0,0,0,0,0,0,0,367530.694869,266965.0
53959406.7557,499.0,636.54994824,0,0,0,1,0,0,0,0,0,0,0,0,0,0,0,0,368585.414743,374250.0
53959407.386,499.0,0.0,0,0,0,0,0,0,0,1,0,0,0,0,0,0,0,0,17854.1346129,160179.0
53959408.9232,499.0,0.0,0,0,0,0,0,0,0,1,0,0,0,0,0,0,0,0,17854.1392354,241017.0
54218609.635,499.0,669.115942029,0,0,0,0,0,1,0,0,0,0,0,0,0,0,0,0,386745.325847,413671.0
54218610.3235,499.0,795.654090354,0,0,1,0,0,0,0,0,0,0,0,0,0,0,0,0,379718.343229,558381.0
54305010.9386,499.0,0.0,0,0,0,0,0,0,0,0,0,0,0,1,0,0,0,0,21939.3700232,176646.0
53873013.1465,2495.0,604.711044233,0,0,1,0,0,0,0,0,0,0,0,0,0,0,0,0,888912.641187,2986515.0
54305015.1842,499.0,383.875,0,0,0,0,0,0,0,0,0,0,0,1,0,0,0,0,210502.147723,105289.0
54305015.7501,499.0,585.546956522,0,0,0,0,0,0,0,0,1,0,0,0,0,0,0,0,244614.101145,111277.0
54391417.7947,499.0,763.742597968,1,0,0,0,0,0,0,0,0,0,0,0,0,0,0,0,397161.046738,333332.0
54391418.3463,499.0,775.866222013,0,0,0,0,0,1,0,0,0,0,0,0,0,0,0,0,439701.682539,505487.0
54391419.1148,499.0,0.0,0,0,0,0,0,0,0,0,0,0,0,1,0,0,0,0,22199.2232238,127245.0
54391419.5807,2495.0,727.606725078,0,0,0,0,1,0,0,0,0,0,0,0,0,0,0,0,923626.713519,1062870.0
54391420.1616,499.0,0.0,0,0,0,0,0,0,0,1,0,0,0,0,0,0,0,0,19153.316095,395208.0
54391421.407,499.0,0.0,0,0,0,0,0,0,0,0,0,0,0,1,0,0,0,0,22199.2301171,22455.0
54391421.9971,2495.0,793.78008491,0,1,0,0,0,0,0,0,0,0,0,0,0,0,0,0,940851.065727,2060870.0
54477822.5416,499.0,626.279069767,0,0,0,0,0,1,0,0,0,0,0,0,0,0,0,0,366483.003349,164670.0
53613823.6637,499.0,806.748053764,1,0,0,0,0,0,0,0,0,0,0,0,0,0,0,0,415947.263735,893709.0
54564224.3931,499.0,701.534013978,0,0,1,0,0,0,0,0,0,0,0,0,0,0,0,0,334525.093446,176646.0
54564225.0328,499.0,719.073265204,1,0,0,0,0,0,0,0,0,0,0,0,0,0,0,0,375738.757918,325847.0
54564226.028,499.0,461.728265542,1,0,0,0,0,0,0,0,0,0,0,0,0,0,0,0,249328.641269,329340.0
54823427.1103,499.0,277.523287452,0,0,0,0,0,0,0,1,0,0,0,0,0,0,0,0,156774.351536,238023.0
54823427.7512,499.0,795.00814463,0,0,1,0,0,0,0,0,0,0,0,0,0,0,0,0,381219.901725,437124.0
48948228.4582,499.0,891.863431301,1,0,0,0,0,0,0,0,0,0,0,0,0,0,0,0,443725.95262,769458.0
54909829.0682,499.0,755.847653862,0,0,0,0,1,0,0,0,0,0,0,0,0,0,0,0,335031.403572,425647.0
54909829.6477,499.0,732.053191489,1,0,0,0,0,0,0,0,0,0,0,0,0,0,0,0,383153.939816,224051.0
54909830.2183,499.0,775.866222013,0,0,0,0,0,1,0,0,0,0,0,0,0,0,0,0,441260.689916,187624.0
54909830.8388,499.0,625.499817267,0,0,0,0,0,0,1,0,0,0,0,0,0,0,0,0,314889.069923,198602.0
54996231.6229,499.0,726.003837931,0,0,0,0,0,1,0,0,0,0,0,0,0,0,0,0,417027.682613,354290.0
54996234.0946,499.0,855.883668056,0,0,0,0,0,0,0,1,0,0,0,0,0,0,0,0,441389.718451,741514.0
54996235.2105,499.0,726.003837931,0,0,0,0,0,1,0,0,0,0,0,0,0,0,0,0,417027.693402,575347.0
54996235.8475,499.0,775.866222013,0,0,0,0,0,1,0,0,0,0,0,0,0,0,0,0,441520.535457,613770.0
54996236.5545,499.0,528.607142857,0,0,0,1,0,0,0,0,0,0,0,0,0,0,0,0,318680.995508,436126.0
47303037.1619,499.0,798.443942085,0,0,1,0,0,0,0,0,0,0,0,0,0,0,0,0,360291.708371,425148.0
55082638.2857,499.0,712.766766021,0,1,0,0,0,0,0,0,0,0,0,0,0,0,0,0,299108.789312,689119.0
55082638.915,499.0,933.458781362,0,0,0,0,1,0,0,0,0,0,0,0,0,0,0,0,422795.233123,1654185.0
55082639.6868,499.0,284.1875,0,0,0,0,0,0,0,0,0,0,0,1,0,0,0,0,163873.305092,64371.0
55169041.4746,499.0,284.1875,0,0,0,0,0,0,0,0,0,0,0,1,0,0,0,0,164133.139081,395208.0
53009043.42,2495.0,649.10625,0,0,0,0,0,0,0,0,0,1,0,0,0,0,0,0,933122.859037,1062870.0
55428244.1474,499.0,761.987355006,1,0,0,0,0,0,0,0,0,0,0,0,0,0,0,0,399416.878609,144211.0
55428244.8712,499.0,620.032554041,1,0,0,0,0,0,0,0,0,0,0,0,0,0,0,0,329687.438219,346805.0
55428245.7894,499.0,557.027425237,0,0,0,0,0,0,0,0,1,0,0,0,0,0,0,0,233982.919684,167664.0
55514647.0323,2495.0,753.588113029,0,0,1,0,0,0,0,0,0,0,0,0,0,0,0,0,966979.207933,855785.0
55514647.7351,499.0,672.75964742,0,0,1,0,0,0,0,0,0,0,0,0,0,0,0,0,323249.057299,455587.0
55514648.4323,499.0,775.426774539,1,0,0,0,0,0,0,0,0,0,0,0,0,0,0,0,406278.280788,719558.0
55514649.2804,499.0,711.88571086,0,0,0,0,0,1,0,0,0,0,0,0,0,0,0,0,411651.759617,522952.0
54909849.9521,499.0,375.996036941,0,0,0,0,0,0,0,0,0,1,0,0,0,0,0,0,200658.475577,187125.0
50589850.6394,499.0,701.242424242,0,0,0,0,0,1,0,0,0,0,0,0,0,0,0,0,391613.457107,247005.0
55601051.2269,499.0,686.068017812,0,0,0,0,1,0,0,0,0,0,0,0,0,0,0,0,302833.730215,215568.0
54909853.8439,499.0,676.060780075,0,0,0,0,0,0,1,0,0,0,0,0,0,0,0,0,339725.12724,312873.0
55601054.4687,499.0,636.54994824,0,0,0,1,0,0,0,0,0,0,0,0,0,0,0,0,373522.301867,308881.0
55601054.9986,499.0,453.454259015,0,0,0,0,0,0,0,0,1,0,0,0,0,0,0,0,183626.557463,115269.0
55601057.2353,499.0,217.906541503,0,0,0,0,1,0,0,0,0,0,0,0,0,0,0,0,72868.7273584,272454.0
55687458.2505,499.0,727.606725078,0,0,0,0,1,0,0,0,0,0,0,0,0,0,0,0,323497.757074,261476.0
55687458.9951,499.0,855.883668056,0,0,0,0,0,0,0,1,0,0,0,0,0,0,0,0,443468.422234,331336.0
55687459.4981,499.0,429.350482315,0,0,0,0,0,0,0,0,1,0,0,0,0,0,0,0,172046.413206,27445.0
55687460.1988,499.0,639.620879121,0,0,0,0,0,0,0,0,0,0,1,0,0,0,0,0,348215.750159,1012471.0
55687460.8083,499.0,136.70797691,0,0,0,0,0,0,0,0,1,0,0,0,0,0,0,0,28297.8532751,140718.0
55773861.2425,499.0,851.85846395,0,0,0,0,0,0,0,0,0,0,1,0,0,0,0,0,452728.543989,165668.0
55773861.8582,499.0,915.826086957,0,0,0,0,1,0,0,0,0,0,0,0,0,0,0,0,416212.596965,432134.0
55773862.4424,499.0,636.54994824,0,0,0,1,0,0,0,0,0,0,0,0,0,0,0,0,374041.983071,308881.0
56033063.0784,499.0,625.794827586,0,0,0,0,0,0,0,0,0,0,1,0,0,0,0,0,342463.59556,572353.0
56033063.6625,499.0,502.557290133,0,0,1,0,0,0,0,0,0,0,0,0,0,0,0,0,241203.18703,161676.0
56119464.3487,499.0,636.54994824,0,0,0,1,0,0,0,0,0,0,0,0,0,0,0,0,375081.303254,289919.0
56119465.2413,499.0,424.622609579,0,0,0,0,0,0,0,0,1,0,0,0,0,0,0,0,171023.201009,90818.0
56119465.9433,499.0,841.680875855,1,0,0,0,0,0,0,0,0,0,0,0,0,0,0,0,440641.729066,990016.0
56119466.7459,499.0,953.949438783,1,0,0,0,0,0,0,0,0,0,0,0,0,0,0,0,495789.033702,216566.0
56205867.36,499.0,679.500810537,1,0,0,0,0,0,0,0,0,0,0,0,0,0,0,0,361237.292233,286426.0
56205867.9919,499.0,277.523287452,0,0,0,0,0,0,0,1,0,0,0,0,0,0,0,0,160931.732279,249999.0
56205868.4829,499.0,636.54994824,0,0,0,1,0,0,0,0,0,0,0,0,0,0,0,0,375341.144299,260977.0
56205869.1495,499.0,429.350482315,0,0,0,0,0,0,0,0,1,0,0,0,0,0,0,0,173605.413905,153692.0
56205869.8339,499.0,574.946329365,1,0,0,0,0,0,0,0,0,0,0,0,0,0,0,0,309879.222028,113273.0
56205870.3783,499.0,277.523287452,0,0,0,0,0,0,0,1,0,0,0,0,0,0,0,0,160931.739455,213572.0
56205872.4851,499.0,824.56043956,0,0,0,0,0,0,0,1,0,0,0,0,0,0,0,0,429641.19007,183632.0
56205873.0993,499.0,586.264436159,0,0,0,0,0,0,0,0,0,1,0,0,0,0,0,0,307841.65522,308382.0
56292273.7245,499.0,749.598517873,0,0,0,0,1,0,0,0,0,0,0,0,0,0,0,0,336119.16529,392214.0
54305074.3426,499.0,651.019494048,1,0,0,0,0,0,0,0,0,0,0,0,0,0,0,0,341530.811438,382234.0
53700275.1734,499.0,562.91043956,0,0,0,0,0,0,0,0,0,0,1,0,0,0,0,0,304558.896771,475048.0
56378675.8583,499.0,674.106382979,1,0,0,0,0,0,0,0,0,0,0,0,0,0,0,0,359107.184912,285428.0
56378677.212,499.0,145.871715577,0,0,0,0,0,0,0,0,0,1,0,0,0,0,0,0,92036.5601134,61377.0
56637877.9438,499.0,772.182535965,0,1,0,0,0,0,0,0,0,0,0,0,0,0,0,0,332971.370617,485028.0
56637878.6473,499.0,651.019494048,1,0,0,0,0,0,0,0,0,0,0,0,0,0,0,0,348546.196922,241516.0
56637879.2559,499.0,674.106382979,1,0,0,0,0,0,0,0,0,0,0,0,0,0,0,0,359886.680967,451096.0
50330679.87,499.0,0.0,0,0,0,0,0,0,0,1,0,0,0,0,0,0,0,0,6941.55086648,251995.0
56724280.591,499.0,313.591913857,0,0,0,0,0,1,0,0,0,0,0,0,0,0,0,0,219644.04994,20958.0
56724281.3922,2495.0,676.060780075,0,0,0,0,0,0,1,0,0,0,0,0,0,0,0,0,949208.112871,3779925.0
56724282.3092,499.0,429.350482315,0,0,0,0,0,0,0,0,1,0,0,0,0,0,0,0,175164.425155,292913.0
56119483.2909,2495.0,472.762197679,0,0,0,0,0,0,0,0,1,0,0,0,0,0,0,0,798696.344864,2976535.0
56724284.0657,499.0,832.647299078,0,0,0,0,0,1,0,0,0,0,0,0,0,0,0,0,474608.615493,348801.0
56724284.6655,499.0,636.54994824,0,0,0,1,0,0,0,0,0,0,0,0,0,0,0,0,376900.16464,230538.0
56810685.8746,499.0,83.2739648114,0,0,1,0,0,0,0,0,0,0,0,0,0,0,0,0,37586.0666311,86327.0
56810686.4691,499.0,589.815394828,0,0,0,0,0,0,0,0,0,1,0,0,0,0,0,0,311404.757739,82834.0
56897087.6212,499.0,623.641085,0,0,0,0,0,0,0,0,0,1,0,0,0,0,0,0,328280.065335,602792.0
55169088.3706,499.0,810.935067205,1,0,0,0,0,0,0,0,0,0,0,0,0,0,0,0,422681.071056,407184.0
56897088.9791,499.0,600.33982684,0,0,0,0,0,1,0,0,0,0,0,0,0,0,0,0,361016.820793,565367.0
56897089.6732,2495.0,915.281978779,0,0,0,0,1,0,0,0,0,0,0,0,0,0,0,0,1023349.68379,4231520.0
56983490.5263,499.0,953.949438783,1,0,0,0,0,0,0,0,0,0,0,0,0,0,0,0,498387.391341,874747.0
49034692.4898,499.0,695.422706767,0,0,0,0,0,0,1,0,0,0,0,0,0,0,0,0,331567.645919,252993.0
57242693.1706,499.0,623.087349165,0,0,0,0,0,0,1,0,0,0,0,0,0,0,0,0,320719.604432,276446.0
57242693.6176,499.0,514.609856887,0,0,0,0,0,0,0,0,1,0,0,0,0,0,0,0,218603.582986,77844.0
57242694.3195,499.0,712.339217161,0,0,1,0,0,0,0,0,0,0,0,0,0,0,0,0,347887.60124,566864.0
57242694.9225,499.0,533.135767473,0,0,0,0,0,0,0,0,1,0,0,0,0,0,0,0,227703.676582,152694.0
57242695.7406,499.0,717.075844079,0,0,1,0,0,0,0,0,0,0,0,0,0,0,0,0,350214.278176,396705.0
57329096.5922,499.0,626.793491313,0,0,0,0,0,1,0,0,0,0,0,0,0,0,0,0,375310.258625,294909.0
57329097.2906,499.0,684.219285714,0,0,0,0,0,0,1,0,0,0,0,0,0,0,0,0,351007.988531,975046.0
56983498.9127,499.0,699.923179041,1,0,0,0,0,0,0,0,0,0,0,0,0,0,0,0,373607.491059,573850.0
57329099.5996,499.0,358.061604794,0,0,0,0,0,0,0,0,1,0,0,0,0,0,0,0,141965.555905,197105.0
57329100.2983,499.0,717.341428571,0,0,0,0,0,0,1,0,0,0,0,0,0,0,0,0,367277.884486,552393.0
57329101.3874,499.0,588.3125,0,0,0,0,0,0,0,0,1,0,0,0,0,0,0,0,255066.819316,36926.0
57329103.7113,499.0,636.54994824,0,0,0,1,0,0,0,0,0,0,0,0,0,0,0,0,378719.022204,220059.0
57415504.4371,2495.0,895.650635163,0,0,0,0,1,0,0,0,0,0,0,0,0,0,0,0,1015265.6118,4750480.0
57415505.0442,499.0,622.02186805,0,0,0,0,0,0,1,0,0,0,0,0,0,0,0,0,320715.923701,38922.0
57415505.7451,499.0,652.091238853,1,0,0,0,0,0,0,0,0,0,0,0,0,0,0,0,351411.186367,456585.0
57415506.2852,499.0,585.032982673,1,0,0,0,0,0,0,0,0,0,0,0,0,0,0,0,318471.584744,233033.0
57415506.9039,499.0,420.552673094,0,0,0,0,0,0,0,0,1,0,0,0,0,0,0,0,172921.56701,175648.0
57415507.8251,499.0,511.27896512,0,0,0,0,0,0,0,0,1,0,0,0,0,0,0,0,217487.119703,284430.0
75383108.6294,499.0,639.620879121,0,0,0,0,0,0,0,0,0,0,1,0,0,0,0,0,407445.993264,986024.0
57501909.242,499.0,672.11874063,0,0,0,0,0,0,0,0,0,0,1,0,0,0,0,0,369635.532947,245508.0
57501909.8779,2495.0,893.939589275,0,0,0,0,1,0,0,0,0,0,0,0,0,0,0,0,1014684.97604,3747490.0
57501910.4712,499.0,901.091603053,0,0,0,0,0,1,0,0,0,0,0,0,0,0,0,0,510567.594489,136726.0
57501912.5558,499.0,63.6543624161,0,0,0,0,0,0,0,0,0,0,0,1,0,0,0,0,62820.9150709,113772.0
57501912.9261,499.0,644.877106227,0,0,0,0,0,0,0,0,0,0,1,0,0,0,0,0,356254.214416,399200.0
57501913.9274,499.0,780.134397715,0,0,0,0,0,1,0,0,0,0,0,0,0,0,0,0,451152.365346,190618.0
57501915.3897,499.0,788.813263105,0,0,0,0,0,1,0,0,0,0,0,0,0,0,0,0,455415.5045,94311.0
57588316.4463,2495.0,893.939589275,0,0,0,0,1,0,0,0,0,0,0,0,0,0,0,0,1014944.8244,4685610.0
57847517.0243,499.0,650.960924627,0,0,0,0,0,0,1,0,0,0,0,0,0,0,0,0,336230.221052,376745.0
57933918.7826,499.0,598.879924163,1,0,0,0,0,0,0,0,0,0,0,0,0,0,0,0,326832.33304,123752.0
58106719.5132,499.0,795.654090354,0,0,1,0,0,0,0,0,0,0,0,0,0,0,0,0,391410.959156,710077.0
58106720.2308,499.0,759.202180632,0,0,1,0,0,0,0,0,0,0,0,0,0,0,0,0,373505.463732,369260.0
58106721.5239,499.0,747.317582787,0,0,1,0,0,0,0,0,0,0,0,0,0,0,0,0,367667.648982,346306.0
58106722.199,499.0,595.689628621,0,0,0,0,0,0,0,0,1,0,0,0,0,0,0,0,261029.04966,349300.0
58193122.864,499.0,364.755388471,0,0,0,0,0,0,0,1,0,0,0,0,0,0,0,0,209757.128053,379240.0
58193123.4965,499.0,794.23030303,0,0,0,0,0,0,0,0,0,0,1,0,0,0,0,0,431696.474559,376246.0
58452324.1013,499.0,698.027017664,0,0,1,0,0,0,0,0,0,0,0,0,0,0,0,0,344495.013529,378741.0
58452324.7106,499.0,724.943163919,0,0,0,0,0,0,1,0,0,0,0,0,0,0,0,0,374389.768901,877741.0
58452325.3642,499.0,788.103513173,0,0,0,0,0,1,0,0,0,0,0,0,0,0,0,0,457925.013845,1094806.0
58538725.9377,499.0,591.90171371,0,0,0,0,0,0,0,0,0,1,0,0,0,0,0,0,317626.266805,326845.0
56205926.9221,499.0,807.1625,0,0,0,0,1,0,0,0,0,0,0,0,0,0,0,0,364135.429267,680636.0
58538727.83,499.0,527.499273069,0,0,1,0,0,0,0,0,0,0,0,0,0,0,0,0,260990.130414,461575.0
58538729.5171,499.0,490.462266778,0,0,0,0,0,0,0,0,0,0,0,1,0,0,0,0,275590.693321,151197.0
58538731.2475,499.0,639.620879121,0,0,0,0,0,0,0,0,0,0,1,0,0,0,0,0,356790.308035,653690.0
58538733.1751,499.0,633.489005497,0,0,0,0,0,1,0,0,0,0,0,0,0,0,0,0,382236.864473,515467.0
58625134.6624,499.0,702.999263391,0,0,0,0,0,1,0,0,0,0,0,0,0,0,0,0,416640.745541,66367.0
58625135.5913,499.0,644.877106227,0,0,0,0,0,0,0,0,0,0,1,0,0,0,0,0,359632.054539,1042910.0
58625136.3016,499.0,527.481815997,0,0,0,0,0,0,0,0,1,0,0,0,0,0,0,0,229083.788295,317364.0
58711537.4059,499.0,813.032520325,0,0,0,0,0,1,0,0,0,0,0,0,0,0,0,0,470949.882729,1075345.0
58711538.0454,499.0,741.074231177,0,0,0,0,0,1,0,0,0,0,0,0,0,0,0,0,435603.342258,1097301.0
58711538.6308,499.0,805.86465059,0,0,0,0,0,1,0,0,0,0,0,0,0,0,0,0,467428.965967,513970.0
58711539.3947,499.0,591.90171371,0,0,0,0,0,0,0,0,0,1,0,0,0,0,0,0,318145.964499,442114.0
58711540.3443,499.0,402.154264973,0,0,0,0,0,0,0,0,1,0,0,0,0,0,0,0,167781.637418,60379.0
58711541.0928,499.0,741.074231177,0,0,0,0,0,1,0,0,0,0,0,0,0,0,0,0,435603.351422,1408677.0
58797943.1573,499.0,702.505267147,0,0,0,0,0,0,0,0,0,0,1,0,0,0,0,0,388459.192312,524449.0
58797943.8752,499.0,940.152260023,0,1,0,0,0,0,0,0,0,0,0,0,0,0,0,0,421975.485033,341316.0
58797944.4667,499.0,644.877106227,0,0,0,0,0,0,0,0,0,0,1,0,0,0,0,0,360151.738455,1127740.0
58797945.1106,499.0,411.219670754,0,0,0,0,0,0,0,0,1,0,0,0,0,0,0,0,172494.487148,215568.0
59057145.8608,499.0,581.034782609,0,0,0,0,0,1,0,0,0,0,0,0,0,0,0,0,358029.900217,286426.0
59057146.644,499.0,581.034782609,0,0,0,0,0,1,0,0,0,0,0,0,0,0,0,0,358029.902572,476046.0
59057148.3647,499.0,555.328042328,0,0,0,0,0,1,0,0,0,0,0,0,0,0,0,0,345402.531583,163173.0
59057149.5021,499.0,581.034782609,0,0,0,0,0,1,0,0,0,0,0,0,0,0,0,0,358029.911167,314869.0
59057153.068,499.0,765.389655172,0,0,0,0,0,0,0,0,0,0,1,0,0,0,0,0,420128.070578,297903.0
52577155.7693,499.0,689.06538297,0,0,0,0,1,0,0,0,0,0,0,0,0,0,0,0,295212.375204,542912.0
59143556.3586,499.0,581.034782609,0,0,0,0,0,1,0,0,0,0,0,0,0,0,0,0,358289.760399,296905.0
59143556.9653,499.0,699.887804211,1,0,0,0,0,0,0,0,0,0,0,0,0,0,0,0,380086.004525,416665.0
59143557.4778,499.0,581.034782609,0,0,0,0,0,1,0,0,0,0,0,0,0,0,0,0,358289.763765,377244.0
59143558.0168,499.0,870.92244898,0,1,0,0,0,0,0,0,0,0,0,0,0,0,0,0,389008.551979,311376.0
59143558.7145,499.0,819.53782836,0,0,0,0,0,1,0,0,0,0,0,0,0,0,0,0,475444.554203,584828.0
59143559.7471,2495.0,713.788306994,0,0,1,0,0,0,0,0,0,0,0,0,0,0,0,0,958342.335026,2417655.0
Std Dev:565900.733687
Difference Mean:-138358.361441
Predicted Mean:327918.674559
Actual Mean:466277.036
